AdultObesity,Adult Smokers (% of pop),ChildrenInPoverty,County,Diabetic (% of pop),FoodInsecure,Number of Records,Physically Inactive (% of pop),Region,State
0.31,0.16,0.12,Shelby,0.09,0.11,1,0.24,South,Alabama
0.30,0.20,0.26,Lee,0.10,0.18,1,0.23,South,Alabama
0.30,0.19,0.21,Elmore,0.11,0.15,1,0.30,South,Alabama
0.33,0.20,0.23,Tuscaloosa,0.11,0.18,1,0.28,South,Alabama
0.31,0.20,0.20,Madison,0.11,0.15,1,0.25,South,Alabama
0.33,0.20,0.19,St. Clair,0.11,0.13,1,0.29,South,Alabama
0.34,0.19,0.19,Limestone,0.11,0.14,1,0.32,South,Alabama
0.27,0.19,0.20,Baldwin,0.11,0.14,1,0.25,South,Alabama
0.31,0.19,0.18,Autauga,0.11,0.14,1,0.29,South,Alabama
0.30,0.19,0.25,Cleburne,0.11,0.14,1,0.33,South,Alabama
0.32,0.19,0.23,Morgan,0.11,0.14,1,0.31,South,Alabama
0.31,0.19,0.37,DeKalb,0.12,0.13,1,0.32,South,Alabama
0.35,0.20,0.24,Cullman,0.12,0.14,1,0.28,South,Alabama
0.35,0.20,0.33,Marshall,0.12,0.14,1,0.32,South,Alabama
0.32,0.19,0.26,Lauderdale,0.12,0.15,1,0.30,South,Alabama
0.32,0.19,0.24,Blount,0.12,0.12,1,0.29,South,Alabama
0.37,0.21,0.28,Chilton,0.12,0.14,1,0.32,South,Alabama
0.34,0.22,0.34,Pike,0.12,0.21,1,0.29,South,Alabama
0.36,0.20,0.34,Dale,0.12,0.17,1,0.28,South,Alabama
0.30,0.19,0.25,Coffee,0.12,0.16,1,0.29,South,Alabama
0.34,0.20,0.36,Franklin,0.12,0.15,1,0.35,South,Alabama
0.36,0.20,0.23,Lawrence,0.12,0.15,1,0.35,South,Alabama
0.34,0.17,0.29,Jefferson,0.13,0.18,1,0.28,South,Alabama
0.33,0.20,0.28,Cherokee,0.13,0.15,1,0.31,South,Alabama
0.31,0.20,0.29,Jackson,0.13,0.14,1,0.32,South,Alabama
0.40,0.21,0.27,Bibb,0.13,0.16,1,0.33,South,Alabama
0.32,0.24,0.28,Calhoun,0.13,0.18,1,0.34,South,Alabama
0.29,0.22,0.32,Winston,0.13,0.17,1,0.31,South,Alabama
0.34,0.19,0.31,Houston,0.13,0.17,1,0.31,South,Alabama
0.32,0.20,0.30,Covington,0.13,0.16,1,0.36,South,Alabama
0.35,0.21,0.30,Russell,0.13,0.20,1,0.31,South,Alabama
0.35,0.20,0.26,Marion,0.13,0.16,1,0.36,South,Alabama
0.33,0.22,0.33,Walker,0.13,0.16,1,0.34,South,Alabama
0.35,0.22,0.30,Etowah,0.13,0.16,1,0.33,South,Alabama
0.35,0.22,0.36,Geneva,0.13,0.16,1,0.31,South,Alabama
0.37,0.19,0.25,Colbert,0.13,0.16,1,0.30,South,Alabama
0.32,0.21,0.29,Fayette,0.13,0.17,1,0.31,South,Alabama
0.33,0.21,0.28,Lamar,0.13,0.17,1,0.33,South,Alabama
0.34,0.20,0.32,Montgomery,0.14,0.21,1,0.28,South,Alabama
0.38,0.20,0.29,Clay,0.14,0.17,1,0.36,South,Alabama
0.33,0.20,0.30,Randolph,0.14,0.18,1,0.31,South,Alabama
0.36,0.21,0.30,Mobile,0.14,0.19,1,0.30,South,Alabama
0.36,0.20,0.27,Washington,0.14,0.17,1,0.33,South,Alabama
0.37,0.20,0.28,Crenshaw,0.14,0.17,1,0.32,South,Alabama
0.35,0.18,0.27,Henry,0.14,0.16,1,0.29,South,Alabama
0.37,0.21,0.34,Tallapoosa,0.14,0.18,1,0.32,South,Alabama
0.38,0.22,0.33,Talladega,0.15,0.19,1,0.34,South,Alabama
0.40,0.21,0.32,Chambers,0.15,0.21,1,0.35,South,Alabama
0.41,0.21,0.38,Barbour,0.15,0.22,1,0.33,South,Alabama
0.39,0.23,0.32,Escambia,0.15,0.20,1,0.33,South,Alabama
0.36,0.21,0.34,Clarke,0.16,0.23,1,0.30,South,Alabama
0.37,0.22,0.35,Pickens,0.16,0.21,1,0.34,South,Alabama
0.39,0.22,0.29,Coosa,0.16,0.18,1,0.31,South,Alabama
0.39,0.19,0.32,Choctaw,0.16,0.19,1,0.34,South,Alabama
0.36,0.23,0.37,Butler,0.16,0.22,1,0.34,South,Alabama
0.37,0.22,0.33,Monroe,0.16,0.23,1,0.32,South,Alabama
0.45,0.22,0.43,Bullock,0.17,0.24,1,0.33,South,Alabama
0.36,0.22,0.37,Hale,0.17,0.23,1,0.35,South,Alabama
0.41,0.22,0.33,Marengo,0.18,0.21,1,0.35,South,Alabama
0.42,0.24,0.44,Macon,0.18,0.25,1,0.31,South,Alabama
0.37,0.24,0.41,Conecuh,0.19,0.23,1,0.34,South,Alabama
0.42,0.25,0.50,Dallas,0.19,0.29,1,0.34,South,Alabama
0.46,0.23,0.43,Lowndes,0.19,0.26,1,0.31,South,Alabama
0.40,0.24,0.51,Sumter,0.19,0.28,1,0.31,South,Alabama
0.38,0.25,0.66,Perry,0.20,0.26,1,0.33,South,Alabama
0.44,0.25,0.47,Wilcox,0.21,0.30,1,0.32,South,Alabama
0.46,0.27,0.46,Greene,0.23,0.27,1,0.33,South,Alabama
0.29,0.22,0.17,Faulkner,0.09,0.18,1,0.30,South,Arkansas
0.29,0.23,0.22,Washington,0.09,0.17,1,0.26,South,Arkansas
0.28,0.19,0.16,Benton,0.09,0.14,1,0.25,South,Arkansas
0.34,0.21,0.18,Lonoke,0.10,0.16,1,0.30,South,Arkansas
0.37,0.20,0.19,Grant,0.10,0.15,1,0.33,South,Arkansas
0.33,0.21,0.25,Pope,0.10,0.18,1,0.28,South,Arkansas
0.36,0.24,0.31,Craighead,0.10,0.20,1,0.34,South,Arkansas
0.32,0.19,0.13,Saline,0.10,0.15,1,0.31,South,Arkansas
0.35,0.23,0.25,White,0.10,0.19,1,0.30,South,Arkansas
0.34,0.23,0.23,Greene,0.10,0.19,1,0.39,South,Arkansas
0.36,0.22,0.24,Crawford,0.11,0.18,1,0.33,South,Arkansas
0.36,0.22,0.27,Perry,0.11,0.18,1,0.31,South,Arkansas
0.33,0.21,0.29,Hot Spring,0.11,0.18,1,0.37,South,Arkansas
0.32,0.23,0.28,Clark,0.11,0.23,1,0.32,South,Arkansas
0.35,0.23,0.32,Sebastian,0.11,0.18,1,0.31,South,Arkansas
0.29,0.22,0.26,Boone,0.12,0.18,1,0.33,South,Arkansas
0.34,0.23,0.26,Independence,0.12,0.20,1,0.37,South,Arkansas
0.37,0.20,0.24,Cleveland,0.12,0.19,1,0.32,South,Arkansas
0.35,0.22,0.28,Randolph,0.12,0.19,1,0.40,South,Arkansas
0.37,0.23,0.26,Franklin,0.12,0.18,1,0.33,South,Arkansas
0.35,0.24,0.29,Johnson,0.12,0.18,1,0.37,South,Arkansas
0.35,0.21,0.30,Logan,0.12,0.18,1,0.36,South,Arkansas
0.35,0.23,0.27,Yell,0.12,0.16,1,0.37,South,Arkansas
0.32,0.20,0.24,Pulaski,0.12,0.21,1,0.28,South,Arkansas
0.34,0.23,0.31,Miller,0.12,0.21,1,0.33,South,Arkansas
0.33,0.24,0.31,Lawrence,0.12,0.21,1,0.38,South,Arkansas
0.37,0.23,0.30,Pike,0.12,0.19,1,0.32,South,Arkansas
0.33,0.23,0.28,Clay,0.12,0.21,1,0.40,South,Arkansas
0.33,0.23,0.28,Madison,0.13,0.17,1,0.33,South,Arkansas
0.36,0.26,0.30,Lincoln,0.13,0.23,1,0.37,South,Arkansas
0.31,0.23,0.37,Scott,0.13,0.17,1,0.31,South,Arkansas
0.40,0.25,0.34,Poinsett,0.13,0.22,1,0.35,South,Arkansas
0.31,0.20,0.24,Cleburne,0.13,0.17,1,0.39,South,Arkansas
0.39,0.22,0.27,Conway,0.13,0.20,1,0.33,South,Arkansas
0.31,0.23,0.28,Garland,0.13,0.19,1,0.28,South,Arkansas
0.40,0.25,0.34,Jackson,0.13,0.23,1,0.39,South,Arkansas
0.36,0.20,0.30,Carroll,0.13,0.15,1,0.33,South,Arkansas
0.34,0.22,0.29,Arkansas,0.13,0.20,1,0.37,South,Arkansas
0.33,0.21,0.26,Little River,0.13,0.18,1,0.33,South,Arkansas
0.38,0.24,0.31,Columbia,0.13,0.24,1,0.35,South,Arkansas
0.40,0.23,0.31,Sevier,0.13,0.16,1,0.33,South,Arkansas
0.36,0.23,0.34,Union,0.13,0.22,1,0.39,South,Arkansas
0.38,0.23,0.33,Cross,0.13,0.21,1,0.36,South,Arkansas
0.32,0.23,0.33,Polk,0.13,0.18,1,0.34,South,Arkansas
0.31,0.25,0.28,Drew,0.14,0.25,1,0.32,South,Arkansas
0.32,0.21,0.34,Fulton,0.14,0.18,1,0.33,South,Arkansas
0.33,0.22,0.29,Izard,0.14,0.19,1,0.35,South,Arkansas
0.35,0.22,0.27,Prairie,0.14,0.19,1,0.35,South,Arkansas
0.35,0.22,0.24,Calhoun,0.14,0.20,1,0.36,South,Arkansas
0.37,0.22,0.35,Newton,0.14,0.18,1,0.36,South,Arkansas
0.32,0.23,0.38,Searcy,0.14,0.19,1,0.33,South,Arkansas
0.38,0.26,0.41,Crittenden,0.14,0.27,1,0.34,South,Arkansas
0.29,0.20,0.26,Baxter,0.14,0.17,1,0.32,South,Arkansas
0.33,0.21,0.34,Montgomery,0.14,0.18,1,0.32,South,Arkansas
0.35,0.23,0.33,Van Buren,0.14,0.19,1,0.34,South,Arkansas
0.38,0.26,0.37,Mississippi,0.14,0.25,1,0.40,South,Arkansas
0.31,0.23,0.33,Marion,0.14,0.18,1,0.33,South,Arkansas
0.33,0.23,0.34,Sharp,0.14,0.20,1,0.29,South,Arkansas
0.35,0.24,0.39,Stone,0.14,0.21,1,0.32,South,Arkansas
0.40,0.24,0.33,Ashley,0.14,0.22,1,0.34,South,Arkansas
0.37,0.25,0.29,Howard,0.14,0.20,1,0.34,South,Arkansas
0.41,0.26,0.34,Hempstead,0.15,0.21,1,0.36,South,Arkansas
0.36,0.22,0.32,Dallas,0.16,0.24,1,0.38,South,Arkansas
0.38,0.23,0.32,Ouachita,0.16,0.24,1,0.38,South,Arkansas
0.39,0.26,0.40,Jefferson,0.16,0.26,1,0.36,South,Arkansas
0.37,0.25,0.39,Bradley,0.16,0.22,1,0.37,South,Arkansas
0.34,0.25,0.37,Lafayette,0.16,0.24,1,0.35,South,Arkansas
0.36,0.25,0.36,Woodruff,0.16,0.24,1,0.33,South,Arkansas
0.40,0.28,0.46,St. Francis,0.16,0.28,1,0.36,South,Arkansas
0.35,0.28,0.47,Lee,0.17,0.29,1,0.35,South,Arkansas
0.39,0.25,0.38,Desha,0.17,0.27,1,0.35,South,Arkansas
0.34,0.27,0.34,Nevada,0.17,0.22,1,0.34,South,Arkansas
0.37,0.26,0.39,Monroe,0.18,0.25,1,0.38,South,Arkansas
0.42,0.27,0.51,Phillips,0.18,0.30,1,0.38,South,Arkansas
0.39,0.27,0.43,Chicot,0.18,0.27,1,0.38,South,Arkansas
0.25,0.18,0.22,Alachua,0.08,0.20,1,0.19,South,Florida
0.28,0.18,0.23,Leon,0.09,0.21,1,0.19,South,Florida
0.26,0.17,0.16,Santa Rosa,0.09,0.15,1,0.25,South,Florida
0.25,0.18,0.20,Okaloosa,0.09,0.15,1,0.25,South,Florida
0.36,0.18,0.21,Wakulla,0.09,0.16,1,0.26,South,Florida
0.23,0.14,0.11,St. Johns,0.09,0.13,1,0.18,South,Florida
0.29,0.16,0.16,Clay,0.09,0.14,1,0.25,South,Florida
0.37,0.19,0.26,Baker,0.09,0.17,1,0.36,South,Florida
0.30,0.17,0.23,Bay,0.09,0.17,1,0.27,South,Florida
0.25,0.15,0.16,Seminole,0.09,0.14,1,0.21,South,Florida
0.24,0.16,0.25,Orange,0.10,0.16,1,0.23,South,Florida
0.39,0.21,0.29,Liberty,0.10,0.18,1,0.31,South,Florida
0.28,0.17,0.18,Nassau,0.10,0.15,1,0.24,South,Florida
0.37,0.21,0.31,Lafayette,0.10,0.16,1,0.33,South,Florida
0.31,0.18,0.24,Escambia,0.10,0.19,1,0.26,South,Florida
0.30,0.18,0.27,Duval,0.10,0.19,1,0.24,South,Florida
0.27,0.18,0.27,Walton,0.10,0.15,1,0.24,South,Florida
0.32,0.19,0.26,Gilchrist,0.10,0.17,1,0.31,South,Florida
0.28,0.17,0.23,Hillsborough,0.10,0.16,1,0.24,South,Florida
0.21,0.17,0.21,Monroe,0.11,0.13,1,0.21,South,Florida
0.37,0.19,0.28,Bradford,0.11,0.17,1,0.33,South,Florida
0.33,0.19,0.30,Gulf,0.11,0.18,1,0.28,South,Florida
0.39,0.21,0.26,Union,0.11,0.19,1,0.31,South,Florida
0.31,0.19,0.37,Franklin,0.11,0.18,1,0.27,South,Florida
0.27,0.17,0.22,Brevard,0.11,0.16,1,0.25,South,Florida
0.25,0.18,0.22,Pinellas,0.11,0.17,1,0.24,South,Florida
0.37,0.19,0.31,Columbia,0.11,0.18,1,0.32,South,Florida
0.39,0.19,0.29,Washington,0.11,0.18,1,0.35,South,Florida
0.39,0.19,0.31,Taylor,0.11,0.18,1,0.36,South,Florida
0.32,0.21,0.35,Holmes,0.11,0.17,1,0.36,South,Florida
0.21,0.14,0.19,Sarasota,0.11,0.15,1,0.21,South,Florida
0.24,0.15,0.20,Broward,0.11,0.15,1,0.24,South,Florida
0.19,0.15,0.21,Martin,0.11,0.15,1,0.21,South,Florida
0.30,0.17,0.20,Pasco,0.11,0.15,1,0.25,South,Florida
0.23,0.14,0.22,Palm Beach,0.11,0.15,1,0.23,South,Florida
0.24,0.16,0.23,Manatee,0.11,0.15,1,0.22,South,Florida
0.26,0.16,0.26,Lee,0.11,0.15,1,0.24,South,Florida
0.36,0.19,0.32,Jackson,0.12,0.18,1,0.33,South,Florida
0.33,0.21,0.33,Suwannee,0.12,0.18,1,0.29,South,Florida
0.41,0.22,0.31,Calhoun,0.12,0.18,1,0.34,South,Florida
0.33,0.20,0.36,Dixie,0.12,0.18,1,0.32,South,Florida
0.19,0.14,0.26,Collier,0.12,0.13,1,0.18,South,Florida
0.30,0.15,0.23,Lake,0.12,0.15,1,0.26,South,Florida
0.24,0.16,0.25,Indian River,0.12,0.16,1,0.25,South,Florida
0.31,0.17,0.27,Polk,0.12,0.17,1,0.28,South,Florida
0.32,0.19,0.24,Hernando,0.12,0.16,1,0.26,South,Florida
0.29,0.19,0.28,Osceola,0.12,0.13,1,0.27,South,Florida
0.33,0.21,0.40,Hamilton,0.12,0.21,1,0.33,South,Florida
0.29,0.17,0.30,Marion,0.12,0.17,1,0.28,South,Florida
0.29,0.18,0.27,St. Lucie,0.12,0.18,1,0.26,South,Florida
0.28,0.19,0.27,Volusia,0.12,0.16,1,0.26,South,Florida
0.26,0.14,0.22,Charlotte,0.12,0.15,1,0.24,South,Florida
0.32,0.19,0.36,Levy,0.12,0.18,1,0.31,South,Florida
0.31,0.22,0.35,Okeechobee,0.12,0.17,1,0.30,South,Florida
0.25,0.15,0.21,Flagler,0.13,0.17,1,0.23,South,Florida
0.34,0.22,0.39,Hardee,0.13,0.15,1,0.34,South,Florida
0.34,0.19,0.28,Jefferson,0.13,0.19,1,0.27,South,Florida
0.35,0.20,0.44,Putnam,0.13,0.20,1,0.32,South,Florida
0.34,0.18,0.29,Glades,0.13,0.17,1,0.34,South,Florida
0.34,0.21,0.36,Madison,0.13,0.21,1,0.30,South,Florida
0.35,0.21,0.36,Hendry,0.13,0.15,1,0.31,South,Florida
0.20,0.15,0.28,Miami-Dade,0.13,0.12,1,0.22,South,Florida
0.27,0.16,0.34,Citrus,0.13,0.16,1,0.28,South,Florida
0.36,0.21,0.41,DeSoto,0.13,0.16,1,0.31,South,Florida
0.28,0.12,0.31,Sumter,0.14,0.13,1,0.22,South,Florida
0.33,0.16,0.32,Highlands,0.14,0.16,1,0.29,South,Florida
0.38,0.22,0.40,Gadsden,0.15,0.23,1,0.32,South,Florida
0.28,0.18,0.22,Chattahoochee,0.05,0.23,1,0.28,South,Georgia
0.26,0.13,0.08,Forsyth,0.09,0.09,1,0.19,South,Georgia
0.26,0.14,0.13,Cherokee,0.09,0.11,1,0.22,South,Georgia
0.31,0.13,0.10,Oconee,0.09,0.10,1,0.22,South,Georgia
0.28,0.15,0.16,Paulding,0.09,0.13,1,0.26,South,Georgia
0.29,0.14,0.13,Columbia,0.09,0.12,1,0.23,South,Georgia
0.22,0.14,0.18,Cobb,0.09,0.14,1,0.18,South,Georgia
0.28,0.15,0.17,Bryan,0.09,0.14,1,0.26,South,Georgia
0.32,0.16,0.18,Camden,0.10,0.17,1,0.25,South,Georgia
0.34,0.16,0.17,Effingham,0.10,0.13,1,0.23,South,Georgia
0.35,0.17,0.19,Barrow,0.10,0.13,1,0.31,South,Georgia
0.27,0.14,0.20,Gwinnett,0.10,0.13,1,0.21,South,Georgia
0.32,0.15,0.17,Lee,0.10,0.14,1,0.25,South,Georgia
0.27,0.15,0.19,Catoosa,0.10,0.13,1,0.30,South,Georgia
0.25,0.20,0.39,Clarke,0.10,0.22,1,0.25,South,Georgia
0.32,0.16,0.22,Dade,0.10,0.14,1,0.27,South,Georgia
0.30,0.17,0.23,Lumpkin,0.10,0.15,1,0.26,South,Georgia
0.30,0.18,0.31,Long,0.10,0.17,1,0.28,South,Georgia
0.27,0.15,0.17,Coweta,0.10,0.14,1,0.25,South,Georgia
0.29,0.16,0.19,Jackson,0.10,0.13,1,0.28,South,Georgia
0.35,0.20,0.35,Bulloch,0.10,0.22,1,0.25,South,Georgia
0.34,0.20,0.28,Liberty,0.10,0.20,1,0.28,South,Georgia
0.29,0.15,0.18,Dawson,0.10,0.13,1,0.23,South,Georgia
0.31,0.15,0.24,Walton,0.10,0.15,1,0.24,South,Georgia
0.34,0.17,0.21,Bartow,0.10,0.15,1,0.27,South,Georgia
0.30,0.18,0.33,Carroll,0.10,0.17,1,0.29,South,Georgia
0.28,0.16,0.18,Pike,0.11,0.13,1,0.29,South,Georgia
0.30,0.13,0.14,Harris,0.11,0.11,1,0.23,South,Georgia
0.22,0.14,0.25,Fulton,0.11,0.20,1,0.19,South,Georgia
0.29,0.17,0.26,Gordon,0.11,0.15,1,0.24,South,Georgia
0.29,0.17,0.28,Haralson,0.11,0.17,1,0.28,South,Georgia
0.26,0.16,0.25,Hall,0.11,0.12,1,0.24,South,Georgia
0.27,0.17,0.27,Banks,0.11,0.13,1,0.28,South,Georgia
0.32,0.16,0.24,Houston,0.11,0.16,1,0.24,South,Georgia
0.29,0.19,0.27,Murray,0.11,0.16,1,0.32,South,Georgia
0.32,0.17,0.22,Habersham,0.11,0.14,1,0.29,South,Georgia
0.33,0.17,0.28,Walker,0.11,0.15,1,0.32,South,Georgia
0.25,0.15,0.22,Pickens,0.11,0.13,1,0.23,South,Georgia
0.31,0.18,0.34,Charlton,0.11,0.17,1,0.29,South,Georgia
0.35,0.19,0.32,Brantley,0.11,0.16,1,0.27,South,Georgia
0.29,0.13,0.10,Fayette,0.11,0.12,1,0.21,South,Georgia
0.30,0.15,0.19,Henry,0.11,0.16,1,0.24,South,Georgia
0.31,0.17,0.31,Butts,0.11,0.17,1,0.30,South,Georgia
0.28,0.19,0.33,Lowndes,0.11,0.21,1,0.29,South,Georgia
0.33,0.15,0.21,Jones,0.11,0.16,1,0.29,South,Georgia
0.31,0.16,0.25,Glascock,0.11,0.18,1,0.27,South,Georgia
0.29,0.17,0.28,Chatham,0.11,0.19,1,0.24,South,Georgia
0.29,0.18,0.31,Polk,0.11,0.16,1,0.30,South,Georgia
0.30,0.18,0.28,Pierce,0.12,0.16,1,0.33,South,Georgia
0.32,0.17,0.29,Madison,0.12,0.14,1,0.28,South,Georgia
0.29,0.17,0.29,Floyd,0.12,0.17,1,0.30,South,Georgia
0.30,0.18,0.32,Bleckley,0.12,0.22,1,0.29,South,Georgia
0.29,0.19,0.37,Echols,0.12,0.14,1,0.28,South,Georgia
0.30,0.15,0.25,Oglethorpe,0.12,0.14,1,0.27,South,Georgia
0.28,0.16,0.27,White,0.12,0.15,1,0.26,South,Georgia
0.34,0.17,0.29,Newton,0.12,0.18,1,0.30,South,Georgia
0.31,0.18,0.39,Bacon,0.12,0.17,1,0.28,South,Georgia
0.27,0.14,0.33,DeKalb,0.12,0.20,1,0.21,South,Georgia
0.34,0.17,0.20,Douglas,0.12,0.17,1,0.26,South,Georgia
0.33,0.17,0.31,Lamar,0.12,0.19,1,0.30,South,Georgia
0.27,0.17,0.31,Franklin,0.12,0.16,1,0.35,South,Georgia
0.30,0.18,0.28,Whitfield,0.12,0.13,1,0.32,South,Georgia
0.32,0.20,0.37,Lanier,0.12,0.19,1,0.28,South,Georgia
0.31,0.18,0.28,Heard,0.12,0.18,1,0.28,South,Georgia
0.29,0.18,0.28,Troup,0.12,0.20,1,0.29,South,Georgia
0.36,0.19,0.28,Chattooga,0.12,0.18,1,0.28,South,Georgia
0.32,0.19,0.35,Wayne,0.12,0.19,1,0.30,South,Georgia
0.28,0.18,0.30,Stephens,0.12,0.16,1,0.29,South,Georgia
0.30,0.18,0.39,Jeff Davis,0.12,0.19,1,0.31,South,Georgia
0.26,0.14,0.28,Towns,0.13,0.13,1,0.28,South,Georgia
0.28,0.16,0.24,Morgan,0.13,0.15,1,0.27,South,Georgia
0.28,0.16,0.30,Glynn,0.13,0.18,1,0.29,South,Georgia
0.32,0.16,0.21,Monroe,0.13,0.15,1,0.28,South,Georgia
0.32,0.19,0.39,Coffee,0.13,0.19,1,0.34,South,Georgia
0.35,0.20,0.38,Tattnall,0.13,0.19,1,0.30,South,Georgia
0.33,0.18,0.40,Treutlen,0.13,0.22,1,0.34,South,Georgia
0.27,0.16,0.33,Gilmer,0.13,0.15,1,0.28,South,Georgia
0.29,0.18,0.27,Schley,0.13,0.19,1,0.28,South,Georgia
0.32,0.19,0.32,Muscogee,0.13,0.21,1,0.28,South,Georgia
0.34,0.21,0.37,Wheeler,0.13,0.23,1,0.33,South,Georgia
0.35,0.18,0.40,Tift,0.13,0.20,1,0.30,South,Georgia
0.35,0.19,0.33,Peach,0.13,0.21,1,0.28,South,Georgia
0.34,0.20,0.36,Berrien,0.13,0.17,1,0.35,South,Georgia
0.28,0.17,0.31,Crawford,0.13,0.17,1,0.33,South,Georgia
0.34,0.18,0.37,Johnson,0.13,0.21,1,0.32,South,Georgia
0.35,0.18,0.37,Appling,0.13,0.18,1,0.30,South,Georgia
0.37,0.18,0.31,Montgomery,0.13,0.19,1,0.30,South,Georgia
0.31,0.18,0.37,Dodge,0.13,0.20,1,0.31,South,Georgia
0.35,0.16,0.27,Rockdale,0.13,0.18,1,0.28,South,Georgia
0.32,0.16,0.33,Pulaski,0.13,0.18,1,0.31,South,Georgia
0.32,0.16,0.33,Rabun,0.13,0.16,1,0.24,South,Georgia
0.36,0.18,0.41,Ware,0.13,0.21,1,0.30,South,Georgia
0.29,0.19,0.34,Cook,0.13,0.19,1,0.27,South,Georgia
0.34,0.19,0.35,Baldwin,0.13,0.24,1,0.25,South,Georgia
0.37,0.18,0.35,Worth,0.13,0.18,1,0.31,South,Georgia
0.33,0.19,0.38,Toombs,0.13,0.20,1,0.27,South,Georgia
0.27,0.14,0.29,Union,0.14,0.14,1,0.27,South,Georgia
0.32,0.17,0.34,Putnam,0.14,0.16,1,0.25,South,Georgia
0.30,0.17,0.30,Hart,0.14,0.19,1,0.29,South,Georgia
0.35,0.19,0.39,Evans,0.14,0.19,1,0.30,South,Georgia
0.31,0.19,0.29,Jasper,0.14,0.17,1,0.30,South,Georgia
0.35,0.19,0.41,Spalding,0.14,0.20,1,0.28,South,Georgia
0.32,0.17,0.32,Elbert,0.14,0.19,1,0.29,South,Georgia
0.30,0.18,0.35,Irwin,0.14,0.20,1,0.30,South,Georgia
0.30,0.21,0.41,Clinch,0.14,0.21,1,0.30,South,Georgia
0.26,0.17,0.32,Fannin,0.14,0.16,1,0.26,South,Georgia
0.34,0.18,0.41,Upson,0.14,0.20,1,0.30,South,Georgia
0.37,0.20,0.40,Colquitt,0.14,0.18,1,0.34,South,Georgia
0.40,0.20,0.36,Clayton,0.14,0.23,1,0.26,South,Georgia
0.32,0.20,0.40,Wilcox,0.14,0.22,1,0.27,South,Georgia
0.36,0.21,0.38,Atkinson,0.14,0.18,1,0.32,South,Georgia
0.31,0.18,0.37,Miller,0.14,0.17,1,0.35,South,Georgia
0.35,0.18,0.42,McDuffie,0.14,0.21,1,0.31,South,Georgia
0.34,0.21,0.45,Emanuel,0.14,0.22,1,0.30,South,Georgia
0.33,0.19,0.36,Thomas,0.14,0.21,1,0.24,South,Georgia
0.35,0.20,0.38,Richmond,0.14,0.23,1,0.28,South,Georgia
0.31,0.21,0.43,Bibb,0.14,0.23,1,0.27,South,Georgia
0.35,0.19,0.37,Laurens,0.15,0.21,1,0.32,South,Georgia
0.31,0.16,0.36,McIntosh,0.15,0.18,1,0.29,South,Georgia
0.33,0.19,0.40,Marion,0.15,0.17,1,0.31,South,Georgia
0.30,0.17,0.43,Seminole,0.15,0.19,1,0.32,South,Georgia
0.35,0.19,0.42,Brooks,0.15,0.19,1,0.29,South,Georgia
0.31,0.20,0.41,Decatur,0.15,0.22,1,0.28,South,Georgia
0.32,0.20,0.44,Candler,0.15,0.19,1,0.31,South,Georgia
0.32,0.22,0.45,Jenkins,0.15,0.25,1,0.28,South,Georgia
0.35,0.18,0.34,Meriwether,0.15,0.21,1,0.33,South,Georgia
0.36,0.19,0.40,Screven,0.15,0.22,1,0.32,South,Georgia
0.31,0.20,0.38,Grady,0.15,0.20,1,0.32,South,Georgia
0.33,0.17,0.30,Lincoln,0.15,0.20,1,0.30,South,Georgia
0.34,0.20,0.48,Sumter,0.15,0.25,1,0.29,South,Georgia
0.34,0.18,0.35,Wilkinson,0.15,0.19,1,0.30,South,Georgia
0.34,0.19,0.47,Turner,0.15,0.20,1,0.33,South,Georgia
0.30,0.20,0.46,Crisp,0.15,0.24,1,0.31,South,Georgia
0.36,0.21,0.40,Ben Hill,0.15,0.24,1,0.30,South,Georgia
0.32,0.22,0.42,Telfair,0.15,0.24,1,0.32,South,Georgia
0.32,0.21,0.42,Burke,0.15,0.24,1,0.28,South,Georgia
0.35,0.19,0.44,Washington,0.16,0.22,1,0.31,South,Georgia
0.31,0.20,0.35,Taylor,0.16,0.22,1,0.32,South,Georgia
0.37,0.21,0.47,Dougherty,0.16,0.27,1,0.29,South,Georgia
0.31,0.21,0.39,Mitchell,0.16,0.22,1,0.30,South,Georgia
0.31,0.20,0.41,Early,0.16,0.23,1,0.31,South,Georgia
0.32,0.18,0.41,Baker,0.16,0.23,1,0.29,South,Georgia
0.35,0.21,0.41,Macon,0.16,0.26,1,0.32,South,Georgia
0.32,0.18,0.36,Webster,0.17,0.19,1,0.31,South,Georgia
0.34,0.22,0.40,Dooly,0.17,0.24,1,0.32,South,Georgia
0.33,0.18,0.41,Wilkes,0.17,0.22,1,0.30,South,Georgia
0.34,0.23,0.45,Stewart,0.17,0.24,1,0.30,South,Georgia
0.30,0.17,0.39,Greene,0.17,0.18,1,0.31,South,Georgia
0.35,0.21,0.46,Terrell,0.18,0.24,1,0.31,South,Georgia
0.35,0.25,0.45,Calhoun,0.18,0.25,1,0.28,South,Georgia
0.34,0.19,0.37,Talbot,0.18,0.21,1,0.31,South,Georgia
0.31,0.21,0.39,Twiggs,0.18,0.22,1,0.32,South,Georgia
0.38,0.21,0.38,Jefferson,0.18,0.26,1,0.30,South,Georgia
0.34,0.19,0.43,Warren,0.18,0.26,1,0.33,South,Georgia
0.36,0.21,0.51,Randolph,0.19,0.24,1,0.35,South,Georgia
0.36,0.21,0.44,Hancock,0.20,0.28,1,0.30,South,Georgia
0.33,0.20,0.48,Quitman,0.21,0.23,1,0.30,South,Georgia
0.34,0.23,0.49,Taliaferro,0.21,0.22,1,0.31,South,Georgia
0.31,0.25,0.56,Clay,0.23,0.25,1,0.31,South,Georgia
0.30,0.18,0.07,Oldham,0.10,0.10,1,0.23,South,Kentucky
0.31,0.21,0.16,Scott,0.10,0.13,1,0.24,South,Kentucky
0.34,0.24,0.30,Rowan,0.10,0.18,1,0.30,South,Kentucky
0.30,0.17,0.11,Boone,0.10,0.12,1,0.25,South,Kentucky
0.27,0.19,0.13,Spencer,0.10,0.11,1,0.30,South,Kentucky
0.33,0.22,0.18,Campbell,0.10,0.14,1,0.25,South,Kentucky
0.30,0.24,0.23,Madison,0.10,0.17,1,0.28,South,Kentucky
0.33,0.20,0.17,Bullitt,0.10,0.12,1,0.33,South,Kentucky
0.29,0.23,0.23,Warren,0.10,0.16,1,0.27,South,Kentucky
0.26,0.23,0.24,Fayette,0.11,0.17,1,0.21,South,Kentucky
0.28,0.22,0.25,Calloway,0.11,0.17,1,0.23,South,Kentucky
0.31,0.23,0.22,Jessamine,0.11,0.15,1,0.29,South,Kentucky
0.34,0.23,0.26,Grant,0.11,0.15,1,0.28,South,Kentucky
0.32,0.22,0.22,Hardin,0.11,0.16,1,0.28,South,Kentucky
0.33,0.21,0.17,Anderson,0.11,0.13,1,0.28,South,Kentucky
0.28,0.22,0.22,Kenton,0.11,0.14,1,0.24,South,Kentucky
0.30,0.22,0.23,Pendleton,0.11,0.15,1,0.32,South,Kentucky
0.36,0.25,0.21,Meade,0.11,0.16,1,0.29,South,Kentucky
0.37,0.27,0.30,Christian,0.11,0.20,1,0.31,South,Kentucky
0.34,0.20,0.18,Shelby,0.11,0.13,1,0.30,South,Kentucky
0.32,0.23,0.19,Nelson,0.11,0.15,1,0.30,South,Kentucky
0.31,0.20,0.16,Woodford,0.12,0.12,1,0.30,South,Kentucky
0.31,0.22,0.24,Jefferson,0.12,0.17,1,0.26,South,Kentucky
0.31,0.24,0.26,Gallatin,0.12,0.16,1,0.37,South,Kentucky
0.35,0.22,0.23,Trimble,0.12,0.14,1,0.28,South,Kentucky
0.33,0.22,0.19,Hancock,0.12,0.13,1,0.27,South,Kentucky
0.29,0.21,0.26,Graves,0.12,0.15,1,0.29,South,Kentucky
0.33,0.21,0.21,Franklin,0.12,0.16,1,0.29,South,Kentucky
0.31,0.22,0.26,Bracken,0.12,0.15,1,0.30,South,Kentucky
0.32,0.23,0.25,Clark,0.12,0.16,1,0.29,South,Kentucky
0.33,0.19,0.19,Marshall,0.12,0.13,1,0.29,South,Kentucky
0.29,0.21,0.22,Daviess,0.12,0.14,1,0.25,South,Kentucky
0.32,0.21,0.25,Owen,0.12,0.14,1,0.36,South,Kentucky
0.34,0.24,0.33,Carter,0.12,0.17,1,0.34,South,Kentucky
0.32,0.22,0.24,Boyle,0.12,0.17,1,0.29,South,Kentucky
0.32,0.22,0.30,Nicholas,0.12,0.16,1,0.34,South,Kentucky
0.33,0.25,0.28,Marion,0.12,0.15,1,0.25,South,Kentucky
0.35,0.25,0.29,Allen,0.12,0.15,1,0.34,South,Kentucky
0.33,0.25,0.28,Montgomery,0.12,0.17,1,0.30,South,Kentucky
0.33,0.22,0.24,Webster,0.12,0.14,1,0.30,South,Kentucky
0.32,0.24,0.26,Henry,0.12,0.15,1,0.33,South,Kentucky
0.32,0.24,0.38,Adair,0.13,0.16,1,0.32,South,Kentucky
0.35,0.24,0.35,Laurel,0.13,0.17,1,0.31,South,Kentucky
0.33,0.21,0.21,Washington,0.13,0.14,1,0.35,South,Kentucky
0.35,0.22,0.24,Ballard,0.13,0.14,1,0.33,South,Kentucky
0.30,0.23,0.24,Harrison,0.13,0.17,1,0.29,South,Kentucky
0.37,0.25,0.30,Muhlenberg,0.13,0.16,1,0.33,South,Kentucky
0.35,0.21,0.25,Hopkins,0.13,0.16,1,0.29,South,Kentucky
0.35,0.21,0.28,Edmonson,0.13,0.16,1,0.33,South,Kentucky
0.35,0.23,0.27,Garrard,0.13,0.15,1,0.31,South,Kentucky
0.33,0.26,0.23,Union,0.13,0.17,1,0.29,South,Kentucky
0.32,0.20,0.26,McCracken,0.13,0.16,1,0.28,South,Kentucky
0.31,0.23,0.28,Larue,0.13,0.14,1,0.30,South,Kentucky
0.32,0.23,0.24,Simpson,0.13,0.17,1,0.32,South,Kentucky
0.36,0.24,0.26,Logan,0.13,0.16,1,0.38,South,Kentucky
0.31,0.22,0.23,Livingston,0.13,0.15,1,0.29,South,Kentucky
0.37,0.22,0.27,Breckinridge,0.13,0.15,1,0.39,South,Kentucky
0.32,0.25,0.27,Henderson,0.13,0.16,1,0.29,South,Kentucky
0.36,0.27,0.39,Whitley,0.13,0.18,1,0.34,South,Kentucky
0.34,0.24,0.30,Mason,0.13,0.17,1,0.30,South,Kentucky
0.37,0.24,0.35,Boyd,0.13,0.16,1,0.30,South,Kentucky
0.36,0.26,0.31,Grayson,0.13,0.18,1,0.34,South,Kentucky
0.33,0.22,0.25,Mercer,0.13,0.15,1,0.30,South,Kentucky
0.33,0.22,0.28,Caldwell,0.13,0.16,1,0.33,South,Kentucky
0.38,0.22,0.23,Greenup,0.13,0.15,1,0.32,South,Kentucky
0.34,0.23,0.29,Bourbon,0.13,0.16,1,0.34,South,Kentucky
0.35,0.27,0.39,Powell,0.13,0.20,1,0.30,South,Kentucky
0.33,0.21,0.23,Lyon,0.13,0.15,1,0.31,South,Kentucky
0.33,0.22,0.28,Carlisle,0.13,0.14,1,0.31,South,Kentucky
0.36,0.24,0.24,McLean,0.13,0.15,1,0.32,South,Kentucky
0.40,0.24,0.29,Ohio,0.13,0.14,1,0.34,South,Kentucky
0.37,0.25,0.35,Taylor,0.13,0.17,1,0.35,South,Kentucky
0.35,0.25,0.34,Pulaski,0.13,0.17,1,0.32,South,Kentucky
0.38,0.27,0.28,Carroll,0.13,0.18,1,0.30,South,Kentucky
0.41,0.29,0.43,Martin,0.13,0.21,1,0.33,South,Kentucky
0.33,0.24,0.29,Todd,0.13,0.16,1,0.34,South,Kentucky
0.35,0.25,0.30,Fleming,0.13,0.17,1,0.33,South,Kentucky
0.41,0.25,0.33,Lawrence,0.13,0.18,1,0.36,South,Kentucky
0.40,0.26,0.38,Leslie,0.13,0.21,1,0.35,South,Kentucky
0.34,0.28,0.41,Magoffin,0.13,0.22,1,0.34,South,Kentucky
0.32,0.23,0.31,Crittenden,0.13,0.15,1,0.31,South,Kentucky
0.33,0.24,0.29,Barren,0.13,0.16,1,0.31,South,Kentucky
0.39,0.26,0.32,Johnson,0.13,0.18,1,0.35,South,Kentucky
0.29,0.27,0.35,Lincoln,0.13,0.18,1,0.33,South,Kentucky
0.39,0.26,0.32,Rockcastle,0.14,0.16,1,0.34,South,Kentucky
0.41,0.26,0.44,Knott,0.14,0.20,1,0.38,South,Kentucky
0.38,0.26,0.32,Pike,0.14,0.18,1,0.35,South,Kentucky
0.38,0.29,0.44,Floyd,0.14,0.20,1,0.37,South,Kentucky
0.35,0.30,0.40,Morgan,0.14,0.19,1,0.33,South,Kentucky
0.38,0.25,0.37,Letcher,0.14,0.21,1,0.35,South,Kentucky
0.36,0.26,0.31,Butler,0.14,0.17,1,0.37,South,Kentucky
0.38,0.27,0.36,Perry,0.14,0.20,1,0.36,South,Kentucky
0.33,0.29,0.47,Clay,0.14,0.22,1,0.31,South,Kentucky
0.29,0.21,0.26,Trigg,0.14,0.15,1,0.30,South,Kentucky
0.33,0.24,0.30,Green,0.14,0.16,1,0.31,South,Kentucky
0.30,0.27,0.45,Lee,0.14,0.22,1,0.37,South,Kentucky
0.32,0.26,0.38,Estill,0.14,0.18,1,0.32,South,Kentucky
0.34,0.28,0.40,Elliott,0.14,0.20,1,0.36,South,Kentucky
0.35,0.24,0.35,Robertson,0.14,0.17,1,0.33,South,Kentucky
0.35,0.26,0.34,Hart,0.14,0.17,1,0.34,South,Kentucky
0.31,0.27,0.34,Bath,0.14,0.18,1,0.30,South,Kentucky
0.34,0.24,0.37,Russell,0.14,0.18,1,0.35,South,Kentucky
0.33,0.26,0.42,Menifee,0.14,0.19,1,0.29,South,Kentucky
0.33,0.26,0.38,Clinton,0.14,0.17,1,0.32,South,Kentucky
0.34,0.26,0.38,Metcalfe,0.14,0.16,1,0.35,South,Kentucky
0.31,0.26,0.39,Monroe,0.15,0.16,1,0.28,South,Kentucky
0.41,0.28,0.36,Jackson,0.15,0.22,1,0.34,South,Kentucky
0.43,0.29,0.44,Breathitt,0.15,0.20,1,0.33,South,Kentucky
0.37,0.30,0.45,Lewis,0.15,0.19,1,0.35,South,Kentucky
0.35,0.22,0.29,Hickman,0.15,0.16,1,0.32,South,Kentucky
0.36,0.27,0.43,Casey,0.15,0.16,1,0.33,South,Kentucky
0.35,0.25,0.38,Wayne,0.15,0.18,1,0.35,South,Kentucky
0.37,0.29,0.49,Knox,0.15,0.22,1,0.34,South,Kentucky
0.37,0.28,0.43,Harlan,0.15,0.23,1,0.40,South,Kentucky
0.36,0.30,0.45,Bell,0.15,0.23,1,0.35,South,Kentucky
0.37,0.29,0.55,Owsley,0.15,0.21,1,0.31,South,Kentucky
0.34,0.25,0.38,Cumberland,0.15,0.18,1,0.34,South,Kentucky
0.34,0.33,0.50,McCreary,0.15,0.22,1,0.28,South,Kentucky
0.35,0.26,0.45,Fulton,0.16,0.23,1,0.31,South,Kentucky
0.33,0.30,0.50,Wolfe,0.16,0.22,1,0.34,South,Kentucky
0.38,0.22,0.20,Vernon,0.09,0.15,1,0.29,South,Louisiana
0.36,0.23,0.17,Livingston,0.09,0.11,1,0.29,South,Louisiana
0.32,0.19,0.18,Ascension,0.09,0.11,1,0.28,South,Louisiana
0.35,0.20,0.17,Cameron,0.09,0.08,1,0.28,South,Louisiana
0.28,0.19,0.15,St. Tammany,0.09,0.10,1,0.25,South,Louisiana
0.29,0.23,0.20,Lafayette,0.10,0.14,1,0.26,South,Louisiana
0.36,0.20,0.25,Lafourche,0.10,0.11,1,0.34,South,Louisiana
0.35,0.20,0.20,Plaquemines,0.10,0.12,1,0.32,South,Louisiana
0.34,0.21,0.22,Bossier,0.10,0.13,1,0.27,South,Louisiana
0.34,0.23,0.26,Grant,0.10,0.13,1,0.30,South,Louisiana
0.36,0.20,0.18,St. Charles,0.10,0.12,1,0.33,South,Louisiana
0.32,0.22,0.25,Vermilion,0.10,0.13,1,0.33,South,Louisiana
0.34,0.25,0.31,Lincoln,0.10,0.21,1,0.27,South,Louisiana
0.35,0.22,0.23,Beauregard,0.10,0.13,1,0.30,South,Louisiana
0.40,0.23,0.27,Terrebonne,0.10,0.12,1,0.34,South,Louisiana
0.35,0.24,0.27,St. Bernard,0.10,0.14,1,0.37,South,Louisiana
0.39,0.23,0.21,La Salle,0.11,0.11,1,0.29,South,Louisiana
0.35,0.23,0.26,Allen,0.11,0.15,1,0.34,South,Louisiana
0.32,0.20,0.24,East Baton Rouge,0.11,0.17,1,0.25,South,Louisiana
0.33,0.25,0.26,Calcasieu,0.11,0.14,1,0.33,South,Louisiana
0.40,0.23,0.32,Tangipahoa,0.11,0.17,1,0.34,South,Louisiana
0.35,0.23,0.27,St. Martin,0.11,0.14,1,0.31,South,Louisiana
0.32,0.23,0.28,Acadia,0.11,0.14,1,0.38,South,Louisiana
0.38,0.21,0.29,West Baton Rouge,0.11,0.15,1,0.30,South,Louisiana
0.32,0.19,0.26,Jefferson,0.11,0.14,1,0.31,South,Louisiana
0.36,0.22,0.28,Jefferson Davis,0.12,0.14,1,0.34,South,Louisiana
0.38,0.22,0.29,Iberia,0.12,0.15,1,0.34,South,Louisiana
0.37,0.23,0.31,Caldwell,0.12,0.15,1,0.35,South,Louisiana
0.35,0.23,0.36,Ouachita,0.12,0.18,1,0.33,South,Louisiana
0.33,0.21,0.27,Assumption,0.12,0.15,1,0.29,South,Louisiana
0.37,0.25,0.32,Evangeline,0.12,0.17,1,0.33,South,Louisiana
0.35,0.23,0.31,St. John the Baptist,0.12,0.16,1,0.32,South,Louisiana
0.37,0.24,0.32,Catahoula,0.12,0.17,1,0.33,South,Louisiana
0.37,0.24,0.32,West Carroll,0.12,0.19,1,0.34,South,Louisiana
0.37,0.25,0.27,Rapides,0.12,0.16,1,0.32,South,Louisiana
0.38,0.24,0.38,Natchitoches,0.12,0.20,1,0.30,South,Louisiana
0.38,0.24,0.30,St. Mary,0.13,0.16,1,0.34,South,Louisiana
0.39,0.25,0.34,Avoyelles,0.13,0.17,1,0.36,South,Louisiana
0.38,0.21,0.25,St. James,0.13,0.16,1,0.32,South,Louisiana
0.32,0.23,0.43,Orleans,0.13,0.22,1,0.26,South,Louisiana
0.40,0.23,0.27,Sabine,0.13,0.14,1,0.33,South,Louisiana
0.35,0.23,0.37,Caddo,0.13,0.18,1,0.31,South,Louisiana
0.40,0.24,0.31,Iberville,0.13,0.17,1,0.32,South,Louisiana
0.38,0.21,0.28,Pointe Coupee,0.13,0.15,1,0.32,South,Louisiana
0.39,0.23,0.25,East Feliciana,0.13,0.16,1,0.33,South,Louisiana
0.39,0.24,0.36,Richland,0.13,0.18,1,0.35,South,Louisiana
0.38,0.24,0.21,West Feliciana,0.13,0.16,1,0.28,South,Louisiana
0.39,0.24,0.33,Jackson,0.13,0.17,1,0.35,South,Louisiana
0.33,0.24,0.32,Webster,0.13,0.17,1,0.36,South,Louisiana
0.36,0.25,0.34,Winn,0.13,0.17,1,0.33,South,Louisiana
0.36,0.23,0.33,Union,0.13,0.16,1,0.33,South,Louisiana
0.36,0.24,0.44,Franklin,0.13,0.20,1,0.37,South,Louisiana
0.40,0.26,0.38,Washington,0.13,0.18,1,0.34,South,Louisiana
0.42,0.25,0.40,St. Landry,0.14,0.18,1,0.34,South,Louisiana
0.37,0.24,0.31,De Soto,0.14,0.17,1,0.34,South,Louisiana
0.40,0.24,0.35,Red River,0.14,0.17,1,0.37,South,Louisiana
0.39,0.27,0.43,Concordia,0.14,0.22,1,0.37,South,Louisiana
0.38,0.24,0.37,Claiborne,0.14,0.21,1,0.32,South,Louisiana
0.40,0.26,0.45,Morehouse,0.15,0.22,1,0.36,South,Louisiana
0.38,0.24,0.38,Bienville,0.15,0.19,1,0.36,South,Louisiana
0.41,0.25,0.37,St. Helena,0.16,0.20,1,0.34,South,Louisiana
0.43,0.32,0.51,Madison,0.16,0.26,1,0.32,South,Louisiana
0.43,0.33,0.54,East Carroll,0.18,0.30,1,0.37,South,Louisiana
0.34,0.29,0.45,Tensas,0.19,0.23,1,0.37,South,Louisiana
0.35,0.20,0.22,Lafayette,0.09,0.21,1,0.29,South,Mississippi
0.35,0.18,0.21,Lamar,0.09,0.18,1,0.28,South,Mississippi
0.37,0.17,0.15,DeSoto,0.09,0.15,1,0.32,South,Mississippi
0.31,0.18,0.15,Rankin,0.09,0.15,1,0.29,South,Mississippi
0.34,0.18,0.24,George,0.10,0.17,1,0.34,South,Mississippi
0.33,0.21,0.32,Oktibbeha,0.10,0.25,1,0.27,South,Mississippi
0.32,0.19,0.28,Stone,0.10,0.17,1,0.31,South,Mississippi
0.32,0.17,0.18,Madison,0.10,0.18,1,0.29,South,Mississippi
0.38,0.20,0.25,Greene,0.10,0.19,1,0.33,South,Mississippi
0.33,0.18,0.25,Pontotoc,0.11,0.16,1,0.36,South,Mississippi
0.33,0.19,0.24,Itawamba,0.11,0.17,1,0.38,South,Mississippi
0.32,0.19,0.30,Lee,0.11,0.19,1,0.34,South,Mississippi
0.34,0.22,0.33,Forrest,0.11,0.23,1,0.32,South,Mississippi
0.33,0.21,0.27,Harrison,0.11,0.20,1,0.30,South,Mississippi
0.31,0.18,0.23,Jackson,0.11,0.18,1,0.30,South,Mississippi
0.30,0.20,0.29,Hancock,0.11,0.17,1,0.32,South,Mississippi
0.34,0.20,0.23,Union,0.12,0.18,1,0.34,South,Mississippi
0.32,0.19,0.29,Pearl River,0.12,0.18,1,0.31,South,Mississippi
0.34,0.20,0.29,Alcorn,0.12,0.18,1,0.38,South,Mississippi
0.31,0.20,0.30,Prentiss,0.12,0.20,1,0.38,South,Mississippi
0.36,0.19,0.26,Tishomingo,0.12,0.17,1,0.34,South,Mississippi
0.35,0.21,0.27,Tate,0.12,0.20,1,0.37,South,Mississippi
0.34,0.21,0.27,Tippah,0.12,0.20,1,0.37,South,Mississippi
0.36,0.20,0.32,Webster,0.12,0.22,1,0.34,South,Mississippi
0.36,0.18,0.32,Smith,0.12,0.19,1,0.37,South,Mississippi
0.38,0.20,0.36,Jones,0.13,0.19,1,0.36,South,Mississippi
0.34,0.20,0.33,Lauderdale,0.13,0.22,1,0.35,South,Mississippi
0.37,0.20,0.33,Perry,0.13,0.19,1,0.37,South,Mississippi
0.31,0.19,0.31,Newton,0.13,0.19,1,0.36,South,Mississippi
0.37,0.22,0.29,Neshoba,0.13,0.19,1,0.35,South,Mississippi
0.36,0.20,0.30,Monroe,0.13,0.22,1,0.37,South,Mississippi
0.39,0.20,0.29,Lincoln,0.13,0.20,1,0.34,South,Mississippi
0.39,0.19,0.31,Lawrence,0.13,0.20,1,0.35,South,Mississippi
0.35,0.20,0.34,Lowndes,0.13,0.24,1,0.30,South,Mississippi
0.36,0.20,0.33,Warren,0.13,0.23,1,0.37,South,Mississippi
0.34,0.21,0.36,Scott,0.13,0.19,1,0.34,South,Mississippi
0.40,0.20,0.36,Simpson,0.14,0.20,1,0.39,South,Mississippi
0.40,0.21,0.48,Tallahatchie,0.14,0.24,1,0.35,South,Mississippi
0.36,0.19,0.33,Clarke,0.14,0.21,1,0.37,South,Mississippi
0.39,0.20,0.34,Marshall,0.14,0.22,1,0.39,South,Mississippi
0.36,0.20,0.36,Covington,0.14,0.21,1,0.36,South,Mississippi
0.35,0.20,0.38,Calhoun,0.14,0.21,1,0.33,South,Mississippi
0.40,0.19,0.35,Grenada,0.14,0.22,1,0.36,South,Mississippi
0.38,0.21,0.35,Wayne,0.14,0.23,1,0.37,South,Mississippi
0.35,0.21,0.35,Hinds,0.14,0.25,1,0.33,South,Mississippi
0.35,0.21,0.39,Panola,0.14,0.24,1,0.39,South,Mississippi
0.39,0.20,0.29,Franklin,0.14,0.21,1,0.34,South,Mississippi
0.38,0.21,0.38,Copiah,0.14,0.23,1,0.37,South,Mississippi
0.38,0.21,0.38,Benton,0.14,0.22,1,0.35,South,Mississippi
0.39,0.22,0.43,Leake,0.14,0.22,1,0.36,South,Mississippi
0.32,0.19,0.26,Carroll,0.14,0.20,1,0.36,South,Mississippi
0.34,0.20,0.35,Choctaw,0.14,0.22,1,0.35,South,Mississippi
0.38,0.20,0.40,Walthall,0.14,0.22,1,0.36,South,Mississippi
0.35,0.23,0.40,Marion,0.14,0.22,1,0.36,South,Mississippi
0.40,0.23,0.39,Yazoo,0.14,0.27,1,0.36,South,Mississippi
0.38,0.20,0.34,Yalobusha,0.15,0.21,1,0.36,South,Mississippi
0.37,0.22,0.35,Chickasaw,0.15,0.23,1,0.35,South,Mississippi
0.38,0.21,0.41,Pike,0.15,0.24,1,0.33,South,Mississippi
0.37,0.25,0.48,Issaquena,0.15,0.30,1,0.35,South,Mississippi
0.40,0.20,0.33,Attala,0.15,0.23,1,0.37,South,Mississippi
0.38,0.20,0.42,Clay,0.15,0.29,1,0.39,South,Mississippi
0.36,0.22,0.40,Winston,0.15,0.25,1,0.41,South,Mississippi
0.38,0.20,0.36,Montgomery,0.15,0.25,1,0.34,South,Mississippi
0.42,0.24,0.42,Tunica,0.15,0.32,1,0.39,South,Mississippi
0.42,0.23,0.45,Sunflower,0.16,0.31,1,0.36,South,Mississippi
0.41,0.22,0.40,Wilkinson,0.16,0.26,1,0.39,South,Mississippi
0.39,0.22,0.32,Jasper,0.16,0.22,1,0.36,South,Mississippi
0.39,0.21,0.32,Amite,0.16,0.21,1,0.35,South,Mississippi
0.36,0.22,0.47,Adams,0.16,0.24,1,0.29,South,Mississippi
0.34,0.23,0.43,Bolivar,0.16,0.28,1,0.35,South,Mississippi
0.38,0.22,0.37,Kemper,0.16,0.27,1,0.33,South,Mississippi
0.46,0.25,0.48,Coahoma,0.17,0.32,1,0.38,South,Mississippi
0.41,0.24,0.48,Washington,0.17,0.31,1,0.39,South,Mississippi
0.42,0.24,0.54,Leflore,0.17,0.32,1,0.36,South,Mississippi
0.38,0.24,0.43,Jefferson Davis,0.18,0.25,1,0.36,South,Mississippi
0.43,0.26,0.50,Claiborne,0.18,0.30,1,0.37,South,Mississippi
0.42,0.24,0.45,Noxubee,0.18,0.30,1,0.40,South,Mississippi
0.41,0.24,0.54,Sharkey,0.19,0.28,1,0.38,South,Mississippi
0.42,0.27,0.51,Quitman,0.19,0.30,1,0.35,South,Mississippi
0.47,0.27,0.58,Holmes,0.19,0.33,1,0.38,South,Mississippi
0.44,0.27,0.57,Humphreys,0.20,0.33,1,0.38,South,Mississippi
0.44,0.27,0.45,Jefferson,0.20,0.33,1,0.37,South,Mississippi
0.26,0.20,0.20,Onslow,0.07,0.17,1,0.23,South,North Carolina
0.25,0.15,0.14,Wake,0.08,0.14,1,0.18,South,North Carolina
0.20,0.17,0.13,Orange,0.08,0.15,1,0.15,South,North Carolina
0.26,0.21,0.19,Watauga,0.08,0.20,1,0.22,South,North Carolina
0.27,0.17,0.15,Union,0.09,0.12,1,0.19,South,North Carolina
0.28,0.18,0.17,Cabarrus,0.09,0.15,1,0.24,South,North Carolina
0.32,0.16,0.14,Camden,0.09,0.13,1,0.24,South,North Carolina
0.24,0.16,0.21,Mecklenburg,0.09,0.18,1,0.21,South,North Carolina
0.26,0.16,0.23,New Hanover,0.09,0.18,1,0.21,South,North Carolina
0.28,0.18,0.17,Currituck,0.09,0.13,1,0.25,South,North Carolina
0.28,0.17,0.19,Dare,0.10,0.15,1,0.27,South,North Carolina
0.28,0.17,0.19,Iredell,0.10,0.15,1,0.23,South,North Carolina
0.29,0.19,0.21,Lincoln,0.10,0.15,1,0.28,South,North Carolina
0.28,0.17,0.22,Durham,0.10,0.18,1,0.21,South,North Carolina
0.23,0.19,0.21,Buncombe,0.10,0.15,1,0.21,South,North Carolina
0.33,0.20,0.27,Harnett,0.10,0.17,1,0.28,South,North Carolina
0.32,0.20,0.28,Jackson,0.10,0.17,1,0.28,South,North Carolina
0.34,0.21,0.27,Pitt,0.10,0.21,1,0.26,South,North Carolina
0.25,0.19,0.29,Madison,0.10,0.15,1,0.28,South,North Carolina
0.28,0.16,0.21,Davie,0.10,0.14,1,0.27,South,North Carolina
0.30,0.18,0.26,Craven,0.10,0.18,1,0.29,South,North Carolina
0.31,0.19,0.23,Catawba,0.10,0.16,1,0.30,South,North Carolina
0.35,0.20,0.22,Johnston,0.10,0.15,1,0.24,South,North Carolina
0.30,0.18,0.22,Stanly,0.10,0.16,1,0.32,South,North Carolina
0.30,0.18,0.23,Davidson,0.10,0.16,1,0.31,South,North Carolina
0.34,0.19,0.21,Stokes,0.10,0.15,1,0.31,South,North Carolina
0.26,0.17,0.24,Carteret,0.11,0.15,1,0.26,South,North Carolina
0.33,0.19,0.23,Alexander,0.11,0.15,1,0.26,South,North Carolina
0.28,0.19,0.25,Guilford,0.11,0.19,1,0.23,South,North Carolina
0.26,0.19,0.32,Avery,0.11,0.16,1,0.24,South,North Carolina
0.32,0.20,0.27,Yadkin,0.11,0.14,1,0.26,South,North Carolina
0.24,0.16,0.22,Henderson,0.11,0.13,1,0.24,South,North Carolina
0.26,0.17,0.27,Haywood,0.11,0.15,1,0.24,South,North Carolina
0.30,0.20,0.26,Randolph,0.11,0.15,1,0.31,South,North Carolina
0.31,0.21,0.28,Caldwell,0.11,0.17,1,0.28,South,North Carolina
0.34,0.21,0.23,Gaston,0.11,0.18,1,0.30,South,North Carolina
0.32,0.22,0.26,Cumberland,0.11,0.20,1,0.27,South,North Carolina
0.32,0.19,0.30,Burke,0.11,0.17,1,0.30,South,North Carolina
0.30,0.20,0.27,McDowell,0.11,0.17,1,0.31,South,North Carolina
0.28,0.17,0.24,Moore,0.11,0.15,1,0.24,South,North Carolina
0.34,0.19,0.24,Alamance,0.11,0.17,1,0.26,South,North Carolina
0.34,0.20,0.29,Rowan,0.11,0.17,1,0.31,South,North Carolina
0.29,0.18,0.29,Mitchell,0.11,0.17,1,0.30,South,North Carolina
0.27,0.19,0.30,Yancey,0.11,0.16,1,0.25,South,North Carolina
0.29,0.19,0.21,Pender,0.11,0.17,1,0.26,South,North Carolina
0.35,0.23,0.28,Hoke,0.11,0.19,1,0.30,South,North Carolina
0.24,0.16,0.29,Transylvania,0.11,0.15,1,0.23,South,North Carolina
0.29,0.20,0.28,Lee,0.11,0.17,1,0.25,South,North Carolina
0.27,0.15,0.25,Polk,0.11,0.14,1,0.26,South,North Carolina
0.34,0.19,0.28,Pasquotank,0.11,0.21,1,0.28,South,North Carolina
0.29,0.18,0.28,Forsyth,0.11,0.17,1,0.24,South,North Carolina
0.29,0.19,0.26,Surry,0.11,0.16,1,0.32,South,North Carolina
0.37,0.19,0.19,Granville,0.11,0.17,1,0.29,South,North Carolina
0.31,0.19,0.33,Graham,0.11,0.19,1,0.26,South,North Carolina
0.32,0.20,0.31,Cleveland,0.11,0.19,1,0.30,South,North Carolina
0.26,0.18,0.31,Ashe,0.12,0.17,1,0.27,South,North Carolina
0.32,0.20,0.23,Franklin,0.12,0.16,1,0.29,South,North Carolina
0.27,0.16,0.21,Chatham,0.12,0.12,1,0.23,South,North Carolina
0.26,0.20,0.30,Wilkes,0.12,0.17,1,0.29,South,North Carolina
0.29,0.17,0.30,Brunswick,0.12,0.16,1,0.21,South,North Carolina
0.35,0.20,0.36,Wayne,0.12,0.19,1,0.27,South,North Carolina
0.34,0.20,0.29,Rockingham,0.12,0.18,1,0.31,South,North Carolina
0.28,0.22,0.32,Rutherford,0.12,0.19,1,0.29,South,North Carolina
0.25,0.18,0.33,Macon,0.12,0.16,1,0.28,South,North Carolina
0.29,0.19,0.33,Cherokee,0.12,0.16,1,0.30,South,North Carolina
0.33,0.19,0.26,Person,0.12,0.18,1,0.27,South,North Carolina
0.26,0.19,0.34,Alleghany,0.12,0.15,1,0.33,South,North Carolina
0.30,0.19,0.29,Hyde,0.12,0.20,1,0.29,South,North Carolina
0.35,0.23,0.29,Swain,0.12,0.19,1,0.29,South,North Carolina
0.37,0.21,0.37,Richmond,0.13,0.22,1,0.32,South,North Carolina
0.29,0.18,0.30,Clay,0.13,0.16,1,0.32,South,North Carolina
0.32,0.21,0.31,Montgomery,0.13,0.18,1,0.28,South,North Carolina
0.32,0.17,0.32,Pamlico,0.13,0.16,1,0.27,South,North Carolina
0.31,0.19,0.26,Nash,0.13,0.21,1,0.31,South,North Carolina
0.34,0.19,0.24,Gates,0.13,0.18,1,0.31,South,North Carolina
0.34,0.22,0.38,Greene,0.13,0.19,1,0.29,South,North Carolina
0.33,0.18,0.29,Beaufort,0.13,0.19,1,0.29,South,North Carolina
0.38,0.22,0.39,Wilson,0.13,0.22,1,0.31,South,North Carolina
0.39,0.20,0.37,Sampson,0.14,0.17,1,0.32,South,North Carolina
0.33,0.19,0.29,Perquimans,0.14,0.19,1,0.26,South,North Carolina
0.36,0.19,0.29,Caswell,0.14,0.20,1,0.32,South,North Carolina
0.34,0.19,0.37,Jones,0.14,0.19,1,0.29,South,North Carolina
0.31,0.21,0.37,Tyrrell,0.14,0.18,1,0.27,South,North Carolina
0.31,0.23,0.35,Columbus,0.14,0.21,1,0.28,South,North Carolina
0.29,0.22,0.38,Duplin,0.14,0.18,1,0.32,South,North Carolina
0.35,0.24,0.36,Anson,0.14,0.23,1,0.30,South,North Carolina
0.37,0.22,0.39,Vance,0.15,0.24,1,0.33,South,North Carolina
0.32,0.20,0.36,Chowan,0.15,0.22,1,0.28,South,North Carolina
0.36,0.21,0.36,Lenoir,0.15,0.22,1,0.33,South,North Carolina
0.37,0.25,0.42,Scotland,0.15,0.26,1,0.27,South,North Carolina
0.35,0.23,0.36,Bladen,0.15,0.22,1,0.33,South,North Carolina
0.36,0.22,0.32,Martin,0.15,0.22,1,0.32,South,North Carolina
0.35,0.22,0.35,Hertford,0.16,0.24,1,0.33,South,North Carolina
0.39,0.23,0.35,Halifax,0.16,0.25,1,0.35,South,North Carolina
0.39,0.22,0.38,Edgecombe,0.16,0.26,1,0.33,South,North Carolina
0.33,0.21,0.43,Washington,0.16,0.22,1,0.29,South,North Carolina
0.39,0.29,0.47,Robeson,0.16,0.22,1,0.34,South,North Carolina
0.38,0.22,0.35,Warren,0.17,0.23,1,0.30,South,North Carolina
0.36,0.23,0.39,Bertie,0.17,0.24,1,0.33,South,North Carolina
0.38,0.21,0.38,Northampton,0.18,0.23,1,0.34,South,North Carolina
0.31,0.19,0.22,Pickens,0.10,0.14,1,0.23,South,South Carolina
0.32,0.19,0.20,Lexington,0.10,0.12,1,0.26,South,South Carolina
0.31,0.19,0.19,Dorchester,0.10,0.14,1,0.22,South,South Carolina
0.29,0.17,0.22,Greenville,0.10,0.14,1,0.23,South,South Carolina
0.37,0.21,0.21,Berkeley,0.10,0.14,1,0.25,South,South Carolina
0.29,0.18,0.19,York,0.11,0.15,1,0.22,South,South Carolina
0.25,0.18,0.26,Charleston,0.11,0.16,1,0.21,South,South Carolina
0.32,0.16,0.22,Richland,0.11,0.18,1,0.22,South,South Carolina
0.29,0.21,0.27,Spartanburg,0.11,0.15,1,0.27,South,South Carolina
0.23,0.15,0.25,Beaufort,0.12,0.12,1,0.16,South,South Carolina
0.33,0.18,0.24,Anderson,0.12,0.14,1,0.30,South,South Carolina
0.29,0.20,0.30,Horry,0.12,0.15,1,0.23,South,South Carolina
0.32,0.19,0.28,Aiken,0.12,0.15,1,0.26,South,South Carolina
0.29,0.20,0.24,Oconee,0.12,0.14,1,0.24,South,South Carolina
0.35,0.22,0.32,Cherokee,0.12,0.18,1,0.34,South,South Carolina
0.33,0.20,0.30,Lancaster,0.12,0.16,1,0.24,South,South Carolina
0.31,0.20,0.25,Kershaw,0.12,0.14,1,0.29,South,South Carolina
0.33,0.18,0.33,Greenwood,0.13,0.18,1,0.25,South,South Carolina
0.33,0.19,0.30,Newberry,0.13,0.15,1,0.26,South,South Carolina
0.35,0.19,0.33,Sumter,0.13,0.19,1,0.30,South,South Carolina
0.32,0.20,0.27,Edgefield,0.13,0.16,1,0.27,South,South Carolina
0.37,0.21,0.28,Florence,0.13,0.19,1,0.27,South,South Carolina
0.36,0.19,0.33,Saluda,0.13,0.14,1,0.28,South,South Carolina
0.38,0.21,0.31,Laurens,0.13,0.16,1,0.33,South,South Carolina
0.37,0.21,0.29,Union,0.14,0.19,1,0.34,South,South Carolina
0.34,0.25,0.35,Chesterfield,0.14,0.20,1,0.30,South,South Carolina
0.39,0.20,0.34,Chester,0.14,0.20,1,0.30,South,South Carolina
0.36,0.23,0.36,Darlington,0.14,0.19,1,0.32,South,South Carolina
0.34,0.21,0.30,Abbeville,0.14,0.18,1,0.30,South,South Carolina
0.34,0.18,0.32,Georgetown,0.15,0.17,1,0.27,South,South Carolina
0.41,0.21,0.35,Hampton,0.15,0.21,1,0.33,South,South Carolina
0.36,0.20,0.29,Calhoun,0.15,0.17,1,0.30,South,South Carolina
0.41,0.20,0.43,Orangeburg,0.15,0.23,1,0.28,South,South Carolina
0.40,0.22,0.35,Colleton,0.15,0.19,1,0.31,South,South Carolina
0.39,0.22,0.41,Jasper,0.15,0.17,1,0.27,South,South Carolina
0.38,0.22,0.42,Barnwell,0.16,0.22,1,0.31,South,South Carolina
0.41,0.21,0.41,Bamberg,0.16,0.24,1,0.34,South,South Carolina
0.39,0.25,0.42,Dillon,0.16,0.23,1,0.36,South,South Carolina
0.37,0.25,0.47,Marlboro,0.16,0.24,1,0.33,South,South Carolina
0.34,0.19,0.41,McCormick,0.16,0.19,1,0.32,South,South Carolina
0.40,0.21,0.39,Clarendon,0.16,0.21,1,0.28,South,South Carolina
0.44,0.24,0.36,Lee,0.17,0.22,1,0.31,South,South Carolina
0.40,0.22,0.35,Fairfield,0.17,0.21,1,0.29,South,South Carolina
0.39,0.25,0.48,Marion,0.17,0.25,1,0.31,South,South Carolina
0.43,0.22,0.44,Williamsburg,0.18,0.23,1,0.34,South,South Carolina
0.40,0.25,0.49,Allendale,0.19,0.28,1,0.34,South,South Carolina
0.27,0.16,0.06,Williamson,0.09,0.09,1,0.23,South,Tennessee
0.34,0.22,0.16,Rutherford,0.09,0.14,1,0.27,South,Tennessee
0.29,0.23,0.17,Montgomery,0.09,0.17,1,0.29,South,Tennessee
0.29,0.22,0.23,Knox,0.10,0.15,1,0.30,South,Tennessee
0.33,0.22,0.19,Cheatham,0.10,0.13,1,0.35,South,Tennessee
0.33,0.20,0.14,Wilson,0.10,0.12,1,0.33,South,Tennessee
0.28,0.20,0.17,Sumner,0.10,0.13,1,0.29,South,Tennessee
0.35,0.22,0.19,Robertson,0.10,0.13,1,0.34,South,Tennessee
0.32,0.22,0.32,Davidson,0.11,0.17,1,0.26,South,Tennessee
0.34,0.23,0.26,Putnam,0.11,0.17,1,0.32,South,Tennessee
0.38,0.23,0.21,Dickson,0.11,0.14,1,0.40,South,Tennessee
0.36,0.21,0.22,Smith,0.11,0.15,1,0.35,South,Tennessee
0.31,0.25,0.27,Weakley,0.11,0.19,1,0.35,South,Tennessee
0.34,0.23,0.24,Bradley,0.11,0.16,1,0.37,South,Tennessee
0.32,0.22,0.25,Chester,0.11,0.17,1,0.29,South,Tennessee
0.32,0.23,0.22,Washington,0.11,0.16,1,0.33,South,Tennessee
0.34,0.21,0.22,Blount,0.11,0.14,1,0.35,South,Tennessee
0.34,0.23,0.21,Tipton,0.11,0.16,1,0.39,South,Tennessee
0.33,0.23,0.24,Anderson,0.11,0.16,1,0.34,South,Tennessee
0.32,0.24,0.29,Hickman,0.11,0.15,1,0.38,South,Tennessee
0.28,0.21,0.26,Jefferson,0.12,0.16,1,0.33,South,Tennessee
0.31,0.22,0.27,Sevier,0.12,0.15,1,0.40,South,Tennessee
0.37,0.22,0.22,Maury,0.12,0.16,1,0.33,South,Tennessee
0.33,0.24,0.22,Marshall,0.12,0.16,1,0.37,South,Tennessee
0.31,0.25,0.29,Morgan,0.12,0.17,1,0.38,South,Tennessee
0.38,0.22,0.26,Coffee,0.12,0.16,1,0.39,South,Tennessee
0.35,0.24,0.29,Macon,0.12,0.16,1,0.35,South,Tennessee
0.34,0.20,0.21,Moore,0.12,0.13,1,0.35,South,Tennessee
0.30,0.20,0.22,Hamilton,0.12,0.17,1,0.30,South,Tennessee
0.35,0.21,0.26,Humphreys,0.12,0.15,1,0.35,South,Tennessee
0.33,0.22,0.26,Trousdale,0.12,0.16,1,0.38,South,Tennessee
0.35,0.23,0.31,Rhea,0.12,0.18,1,0.40,South,Tennessee
0.31,0.21,0.24,Franklin,0.12,0.14,1,0.34,South,Tennessee
0.32,0.24,0.23,Cannon,0.12,0.14,1,0.36,South,Tennessee
0.34,0.25,0.28,Bedford,0.12,0.15,1,0.40,South,Tennessee
0.36,0.22,0.25,McMinn,0.12,0.16,1,0.39,South,Tennessee
0.33,0.23,0.29,DeKalb,0.12,0.15,1,0.40,South,Tennessee
0.33,0.24,0.29,Lawrence,0.12,0.17,1,0.37,South,Tennessee
0.31,0.23,0.31,Marion,0.12,0.16,1,0.37,South,Tennessee
0.31,0.22,0.27,Stewart,0.12,0.16,1,0.39,South,Tennessee
0.35,0.23,0.28,Hawkins,0.12,0.15,1,0.37,South,Tennessee
0.37,0.23,0.27,Henderson,0.12,0.18,1,0.38,South,Tennessee
0.34,0.24,0.34,Claiborne,0.12,0.18,1,0.35,South,Tennessee
0.32,0.25,0.33,Union,0.12,0.16,1,0.38,South,Tennessee
0.30,0.23,0.34,Hamblen,0.12,0.15,1,0.32,South,Tennessee
0.30,0.23,0.30,Sequatchie,0.12,0.15,1,0.36,South,Tennessee
0.35,0.24,0.28,Dyer,0.12,0.19,1,0.38,South,Tennessee
0.33,0.24,0.25,Greene,0.12,0.17,1,0.38,South,Tennessee
0.33,0.25,0.31,Wayne,0.12,0.17,1,0.37,South,Tennessee
0.31,0.27,0.32,Scott,0.12,0.22,1,0.42,South,Tennessee
0.29,0.23,0.22,Lincoln,0.13,0.14,1,0.37,South,Tennessee
0.32,0.24,0.27,Overton,0.13,0.16,1,0.40,South,Tennessee
0.31,0.25,0.28,Sullivan,0.13,0.15,1,0.36,South,Tennessee
0.32,0.26,0.34,Campbell,0.13,0.18,1,0.34,South,Tennessee
0.28,0.20,0.22,Loudon,0.13,0.13,1,0.30,South,Tennessee
0.30,0.24,0.30,White,0.13,0.17,1,0.37,South,Tennessee
0.30,0.24,0.33,Carter,0.13,0.17,1,0.34,South,Tennessee
0.36,0.22,0.29,Madison,0.13,0.19,1,0.31,South,Tennessee
0.33,0.23,0.28,Polk,0.13,0.15,1,0.36,South,Tennessee
0.32,0.24,0.32,Lewis,0.13,0.17,1,0.36,South,Tennessee
0.32,0.25,0.31,Grainger,0.13,0.16,1,0.39,South,Tennessee
0.32,0.25,0.35,Bledsoe,0.13,0.17,1,0.39,South,Tennessee
0.30,0.24,0.35,Johnson,0.13,0.18,1,0.36,South,Tennessee
0.32,0.24,0.28,Warren,0.13,0.16,1,0.32,South,Tennessee
0.30,0.23,0.28,Carroll,0.13,0.18,1,0.38,South,Tennessee
0.32,0.23,0.32,Obion,0.13,0.18,1,0.39,South,Tennessee
0.35,0.23,0.27,Houston,0.13,0.18,1,0.36,South,Tennessee
0.34,0.21,0.35,Shelby,0.13,0.22,1,0.30,South,Tennessee
0.34,0.23,0.25,Giles,0.13,0.17,1,0.32,South,Tennessee
0.34,0.21,0.26,Roane,0.13,0.15,1,0.41,South,Tennessee
0.34,0.22,0.30,Pickett,0.13,0.17,1,0.38,South,Tennessee
0.32,0.23,0.29,Unicoi,0.13,0.16,1,0.35,South,Tennessee
0.37,0.29,0.44,Lake,0.13,0.23,1,0.33,South,Tennessee
0.38,0.23,0.28,Decatur,0.13,0.17,1,0.39,South,Tennessee
0.35,0.24,0.26,Crockett,0.13,0.17,1,0.36,South,Tennessee
0.33,0.24,0.33,Perry,0.13,0.18,1,0.36,South,Tennessee
0.36,0.23,0.31,Henry,0.13,0.18,1,0.39,South,Tennessee
0.32,0.23,0.32,Van Buren,0.13,0.17,1,0.37,South,Tennessee
0.36,0.24,0.30,Monroe,0.13,0.17,1,0.36,South,Tennessee
0.31,0.25,0.27,Gibson,0.13,0.19,1,0.34,South,Tennessee
0.31,0.25,0.29,Meigs,0.13,0.17,1,0.34,South,Tennessee
0.36,0.25,0.29,McNairy,0.13,0.18,1,0.38,South,Tennessee
0.32,0.24,0.35,Jackson,0.14,0.16,1,0.39,South,Tennessee
0.34,0.24,0.33,Benton,0.14,0.17,1,0.40,South,Tennessee
0.33,0.20,0.21,Fayette,0.14,0.16,1,0.34,South,Tennessee
0.34,0.24,0.30,Hardin,0.14,0.17,1,0.35,South,Tennessee
0.34,0.27,0.40,Cocke,0.14,0.19,1,0.40,South,Tennessee
0.30,0.22,0.29,Cumberland,0.14,0.15,1,0.32,South,Tennessee
0.36,0.26,0.38,Fentress,0.14,0.17,1,0.37,South,Tennessee
0.30,0.26,0.37,Grundy,0.14,0.18,1,0.41,South,Tennessee
0.31,0.28,0.43,Hancock,0.14,0.20,1,0.39,South,Tennessee
0.33,0.24,0.35,Clay,0.14,0.17,1,0.35,South,Tennessee
0.38,0.29,0.32,Lauderdale,0.15,0.24,1,0.37,South,Tennessee
0.39,0.28,0.33,Hardeman,0.15,0.22,1,0.38,South,Tennessee
0.41,0.26,0.35,Haywood,0.17,0.23,1,0.38,South,Tennessee
0.24,0.14,0.10,Denton,0.08,0.17,1,0.21,South,Texas
0.25,0.12,0.09,Collin,0.08,0.17,1,0.20,South,Texas
0.29,0.12,0.10,Williamson,0.08,0.15,1,0.18,South,Texas
0.20,0.12,0.23,Travis,0.08,0.18,1,0.16,South,Texas
0.26,0.16,0.25,Brazos,0.08,0.23,1,0.22,South,Texas
0.32,0.17,0.22,Coryell,0.08,0.22,1,0.23,South,Texas
0.28,0.13,0.09,Rockwall,0.09,0.14,1,0.29,South,Texas
0.27,0.14,0.13,Randall,0.09,0.16,1,0.28,South,Texas
0.29,0.12,0.10,Roberts,0.09,0.14,1,0.28,South,Texas
0.28,0.14,0.16,Montgomery,0.09,0.16,1,0.23,South,Texas
0.31,0.15,0.12,Chambers,0.09,0.16,1,0.27,South,Texas
0.31,0.15,0.14,Midland,0.09,0.13,1,0.26,South,Texas
0.24,0.14,0.17,Hays,0.09,0.16,1,0.19,South,Texas
0.31,0.14,0.15,Parker,0.09,0.17,1,0.32,South,Texas
0.33,0.15,0.19,Johnson,0.09,0.17,1,0.26,South,Texas
0.31,0.17,0.24,Erath,0.09,0.20,1,0.24,South,Texas
0.30,0.14,0.11,Hartley,0.09,0.16,1,0.28,South,Texas
0.30,0.18,0.21,Bell,0.10,0.21,1,0.24,South,Texas
0.29,0.12,0.12,Glasscock,0.10,0.14,1,0.25,South,Texas
0.29,0.13,0.12,Carson,0.10,0.15,1,0.31,South,Texas
0.30,0.14,0.13,Lipscomb,0.10,0.14,1,0.28,South,Texas
0.32,0.14,0.15,Wise,0.10,0.16,1,0.24,South,Texas
0.31,0.15,0.19,Kaufman,0.10,0.18,1,0.29,South,Texas
0.34,0.15,0.17,Hardin,0.10,0.20,1,0.33,South,Texas
0.28,0.17,0.21,Lubbock,0.10,0.18,1,0.24,South,Texas
0.32,0.14,0.13,Brazoria,0.10,0.16,1,0.25,South,Texas
0.29,0.14,0.14,Andrews,0.10,0.10,1,0.26,South,Texas
0.30,0.12,0.14,Borden,0.10,0.15,1,0.29,South,Texas
0.24,0.12,0.12,Fort Bend,0.10,0.15,1,0.21,South,Texas
0.30,0.14,0.14,Archer,0.10,0.17,1,0.29,South,Texas
0.31,0.15,0.29,Garza,0.10,0.12,1,0.27,South,Texas
0.31,0.12,0.16,Armstrong,0.10,0.16,1,0.29,South,Texas
0.31,0.15,0.13,Hemphill,0.10,0.13,1,0.30,South,Texas
0.31,0.16,0.22,Orange,0.10,0.22,1,0.29,South,Texas
0.31,0.16,0.22,Taylor,0.10,0.19,1,0.24,South,Texas
0.30,0.16,0.28,Childress,0.10,0.18,1,0.30,South,Texas
0.25,0.15,0.20,Galveston,0.10,0.18,1,0.27,South,Texas
0.31,0.15,0.15,Ochiltree,0.10,0.12,1,0.29,South,Texas
0.32,0.16,0.19,Gaines,0.10,0.14,1,0.26,South,Texas
0.29,0.14,0.17,Ellis,0.10,0.16,1,0.25,South,Texas
0.28,0.15,0.22,Tarrant,0.10,0.19,1,0.26,South,Texas
0.31,0.19,0.28,Walker,0.10,0.24,1,0.28,South,Texas
0.27,0.13,0.12,Kendall,0.10,0.15,1,0.22,South,Texas
0.30,0.14,0.20,Somervell,0.10,0.16,1,0.30,South,Texas
0.29,0.15,0.25,Mitchell,0.10,0.15,1,0.27,South,Texas
0.31,0.16,0.19,Ector,0.10,0.13,1,0.31,South,Texas
0.29,0.17,0.19,Jack,0.10,0.17,1,0.25,South,Texas
0.29,0.13,0.14,Comal,0.10,0.15,1,0.23,South,Texas
0.32,0.14,0.15,Guadalupe,0.10,0.13,1,0.24,South,Texas
0.32,0.16,0.33,Oldham,0.10,0.18,1,0.27,South,Texas
0.29,0.13,0.12,Crane,0.11,0.11,1,0.26,South,Texas
0.29,0.15,0.18,Scurry,0.11,0.14,1,0.33,South,Texas
0.29,0.14,0.17,King,0.11,0.18,1,0.30,South,Texas
0.27,0.14,0.25,Harris,0.11,0.18,1,0.21,South,Texas
0.30,0.15,0.23,Cooke,0.11,0.18,1,0.26,South,Texas
0.28,0.16,0.18,Gray,0.11,0.16,1,0.30,South,Texas
0.29,0.16,0.22,Grayson,0.11,0.20,1,0.28,South,Texas
0.32,0.17,0.19,Dallam,0.11,0.15,1,0.26,South,Texas
0.33,0.18,0.29,Nacogdoches,0.11,0.23,1,0.26,South,Texas
0.30,0.14,0.17,Wheeler,0.11,0.15,1,0.30,South,Texas
0.31,0.14,0.18,Clay,0.11,0.17,1,0.32,South,Texas
0.33,0.17,0.18,Hutchinson,0.11,0.17,1,0.30,South,Texas
0.29,0.19,0.29,Wichita,0.11,0.20,1,0.29,South,Texas
0.29,0.13,0.14,Irion,0.11,0.14,1,0.29,South,Texas
0.32,0.15,0.24,Upshur,0.11,0.19,1,0.29,South,Texas
0.30,0.17,0.27,Jones,0.11,0.18,1,0.29,South,Texas
0.29,0.17,0.23,Liberty,0.11,0.20,1,0.28,South,Texas
0.31,0.14,0.17,Winkler,0.11,0.10,1,0.27,South,Texas
0.28,0.15,0.22,Montague,0.11,0.18,1,0.25,South,Texas
0.34,0.15,0.19,Shackelford,0.11,0.17,1,0.30,South,Texas
0.32,0.16,0.22,Panola,0.11,0.19,1,0.30,South,Texas
0.30,0.16,0.21,Hockley,0.11,0.14,1,0.26,South,Texas
0.26,0.16,0.21,Tom Green,0.11,0.16,1,0.30,South,Texas
0.28,0.13,0.18,Austin,0.11,0.16,1,0.27,South,Texas
0.30,0.16,0.17,Martin,0.11,0.13,1,0.30,South,Texas
0.31,0.16,0.23,Howard,0.11,0.16,1,0.27,South,Texas
0.30,0.17,0.28,McLennan,0.11,0.21,1,0.28,South,Texas
0.28,0.17,0.26,Smith,0.11,0.20,1,0.28,South,Texas
0.28,0.13,0.15,Wilson,0.11,0.12,1,0.28,South,Texas
0.31,0.14,0.31,Donley,0.11,0.19,1,0.27,South,Texas
0.29,0.15,0.23,Callahan,0.11,0.18,1,0.28,South,Texas
0.28,0.15,0.29,Dallas,0.11,0.20,1,0.25,South,Texas
0.33,0.16,0.26,Tyler,0.11,0.22,1,0.31,South,Texas
0.30,0.17,0.30,Hunt,0.11,0.20,1,0.28,South,Texas
0.31,0.20,0.23,Waller,0.11,0.20,1,0.27,South,Texas
0.31,0.14,0.27,Concho,0.11,0.12,1,0.28,South,Texas
0.31,0.15,0.23,Van Zandt,0.11,0.19,1,0.35,South,Texas
0.35,0.16,0.23,Rusk,0.11,0.20,1,0.27,South,Texas
0.32,0.17,0.23,Fannin,0.11,0.21,1,0.31,South,Texas
0.35,0.17,0.27,Gregg,0.11,0.21,1,0.29,South,Texas
0.26,0.13,0.20,Hood,0.11,0.17,1,0.26,South,Texas
0.29,0.14,0.15,Yoakum,0.11,0.09,1,0.28,South,Texas
0.28,0.15,0.24,Lampasas,0.11,0.18,1,0.28,South,Texas
0.30,0.16,0.17,Sherman,0.11,0.13,1,0.28,South,Texas
0.31,0.19,0.28,Madison,0.11,0.21,1,0.29,South,Texas
0.33,0.13,0.26,Hamilton,0.11,0.18,1,0.30,South,Texas
0.33,0.14,0.20,Jackson,0.11,0.15,1,0.28,South,Texas
0.33,0.16,0.22,Bastrop,0.11,0.16,1,0.29,South,Texas
0.33,0.17,0.23,Harrison,0.11,0.21,1,0.30,South,Texas
0.30,0.15,0.22,Washington,0.12,0.20,1,0.27,South,Texas
0.31,0.15,0.19,Lee,0.12,0.16,1,0.31,South,Texas
0.27,0.15,0.24,Young,0.12,0.18,1,0.29,South,Texas
0.31,0.15,0.24,Burnet,0.12,0.17,1,0.27,South,Texas
0.31,0.16,0.20,Moore,0.12,0.12,1,0.28,South,Texas
0.30,0.18,0.30,Potter,0.12,0.19,1,0.32,South,Texas
0.30,0.13,0.20,Blanco,0.12,0.15,1,0.24,South,Texas
0.30,0.14,0.26,Rains,0.12,0.18,1,0.29,South,Texas
0.29,0.15,0.26,Franklin,0.12,0.18,1,0.31,South,Texas
0.30,0.17,0.32,Stephens,0.12,0.17,1,0.27,South,Texas
0.34,0.17,0.29,Lamar,0.12,0.23,1,0.33,South,Texas
0.33,0.18,0.31,Bowie,0.12,0.23,1,0.30,South,Texas
0.32,0.14,0.20,Lavaca,0.12,0.16,1,0.31,South,Texas
0.29,0.15,0.18,Hansford,0.12,0.13,1,0.28,South,Texas
0.28,0.17,0.27,Brown,0.12,0.18,1,0.31,South,Texas
0.29,0.17,0.33,Hopkins,0.12,0.19,1,0.30,South,Texas
0.29,0.14,0.21,Throckmorton,0.12,0.18,1,0.29,South,Texas
0.29,0.15,0.30,Dickens,0.12,0.18,1,0.31,South,Texas
0.30,0.15,0.13,Reagan,0.12,0.08,1,0.26,South,Texas
0.30,0.17,0.26,Palo Pinto,0.12,0.19,1,0.31,South,Texas
0.31,0.17,0.30,Newton,0.12,0.24,1,0.31,South,Texas
0.33,0.18,0.25,Anderson,0.12,0.22,1,0.27,South,Texas
0.34,0.15,0.24,Victoria,0.12,0.15,1,0.28,South,Texas
0.29,0.13,0.18,Fayette,0.12,0.16,1,0.30,South,Texas
0.30,0.14,0.25,Burleson,0.12,0.18,1,0.30,South,Texas
0.31,0.15,0.23,Freestone,0.12,0.19,1,0.27,South,Texas
0.32,0.17,0.30,Titus,0.12,0.17,1,0.27,South,Texas
0.31,0.17,0.30,Bee,0.12,0.15,1,0.25,South,Texas
0.28,0.14,0.24,Bandera,0.12,0.17,1,0.28,South,Texas
0.32,0.16,0.28,Eastland,0.12,0.19,1,0.32,South,Texas
0.30,0.14,0.20,Kent,0.12,0.16,1,0.30,South,Texas
0.30,0.15,0.25,Wood,0.12,0.19,1,0.29,South,Texas
0.31,0.16,0.19,Ward,0.12,0.14,1,0.28,South,Texas
0.30,0.16,0.24,Wilbarger,0.12,0.18,1,0.29,South,Texas
0.31,0.17,0.31,Henderson,0.12,0.20,1,0.32,South,Texas
0.30,0.13,0.20,Sutton,0.12,0.10,1,0.26,South,Texas
0.28,0.14,0.26,Mills,0.12,0.16,1,0.27,South,Texas
0.32,0.14,0.24,San Patricio,0.12,0.14,1,0.30,South,Texas
0.30,0.15,0.24,Bosque,0.12,0.18,1,0.30,South,Texas
0.31,0.15,0.20,Parmer,0.12,0.12,1,0.28,South,Texas
0.30,0.15,0.21,Live Oak,0.12,0.14,1,0.32,South,Texas
0.31,0.16,0.30,Nolan,0.12,0.17,1,0.29,South,Texas
0.32,0.16,0.26,Dawson,0.12,0.15,1,0.26,South,Texas
0.29,0.16,0.29,Delta,0.12,0.20,1,0.32,South,Texas
0.32,0.17,0.25,Grimes,0.12,0.19,1,0.30,South,Texas
0.33,0.17,0.28,Jasper,0.12,0.23,1,0.31,South,Texas
0.31,0.15,0.21,Leon,0.12,0.18,1,0.32,South,Texas
0.30,0.15,0.26,Calhoun,0.12,0.14,1,0.26,South,Texas
0.30,0.15,0.35,Haskell,0.12,0.18,1,0.28,South,Texas
0.31,0.16,0.32,Hill,0.12,0.19,1,0.24,South,Texas
0.31,0.16,0.18,Sterling,0.12,0.15,1,0.28,South,Texas
0.34,0.19,0.26,Angelina,0.12,0.20,1,0.27,South,Texas
0.28,0.12,0.25,Mason,0.13,0.15,1,0.29,South,Texas
0.29,0.13,0.22,Coke,0.13,0.17,1,0.30,South,Texas
0.28,0.13,0.26,Bexar,0.13,0.14,1,0.21,South,Texas
0.32,0.14,0.22,Medina,0.13,0.13,1,0.28,South,Texas
0.30,0.15,0.22,Pecos,0.13,0.11,1,0.27,South,Texas
0.31,0.16,0.30,San Jacinto,0.13,0.20,1,0.31,South,Texas
0.32,0.16,0.29,Terry,0.13,0.14,1,0.28,South,Texas
0.35,0.17,0.29,Limestone,0.13,0.20,1,0.32,South,Texas
0.34,0.17,0.31,Polk,0.13,0.21,1,0.30,South,Texas
0.34,0.18,0.32,Navarro,0.13,0.20,1,0.28,South,Texas
0.37,0.18,0.32,Jefferson,0.13,0.25,1,0.30,South,Texas
0.31,0.13,0.19,Crockett,0.13,0.11,1,0.29,South,Texas
0.28,0.17,0.24,Caldwell,0.13,0.16,1,0.27,South,Texas
0.28,0.18,0.33,Hale,0.13,0.18,1,0.30,South,Texas
0.29,0.14,0.25,Foard,0.13,0.19,1,0.29,South,Texas
0.33,0.15,0.26,DeWitt,0.13,0.15,1,0.33,South,Texas
0.30,0.15,0.19,Upton,0.13,0.12,1,0.28,South,Texas
0.31,0.17,0.30,Karnes,0.13,0.15,1,0.31,South,Texas
0.31,0.17,0.29,Kleberg,0.13,0.14,1,0.27,South,Texas
0.31,0.18,0.29,Cherokee,0.13,0.21,1,0.33,South,Texas
0.29,0.14,0.23,Fisher,0.13,0.17,1,0.29,South,Texas
0.30,0.16,0.27,Reeves,0.13,0.12,1,0.29,South,Texas
0.32,0.16,0.23,Nueces,0.13,0.14,1,0.28,South,Texas
0.30,0.17,0.30,Collingsworth,0.13,0.16,1,0.29,South,Texas
0.31,0.13,0.20,Gillespie,0.13,0.15,1,0.28,South,Texas
0.29,0.15,0.29,Baylor,0.13,0.19,1,0.26,South,Texas
0.32,0.17,0.36,Camp,0.13,0.21,1,0.28,South,Texas
0.29,0.15,0.19,Schleicher,0.13,0.13,1,0.27,South,Texas
0.30,0.16,0.33,San Saba,0.13,0.17,1,0.29,South,Texas
0.31,0.16,0.29,Robertson,0.13,0.21,1,0.28,South,Texas
0.34,0.16,0.30,Morris,0.13,0.24,1,0.30,South,Texas
0.31,0.17,0.30,Cass,0.13,0.24,1,0.27,South,Texas
0.34,0.19,0.32,Shelby,0.13,0.21,1,0.28,South,Texas
0.32,0.14,0.24,Goliad,0.13,0.14,1,0.30,South,Texas
0.25,0.14,0.29,Kerr,0.13,0.17,1,0.30,South,Texas
0.32,0.16,0.24,Wharton,0.13,0.17,1,0.29,South,Texas
0.32,0.17,0.28,Deaf Smith,0.13,0.11,1,0.29,South,Texas
0.31,0.16,0.29,Milam,0.13,0.20,1,0.27,South,Texas
0.30,0.16,0.29,Swisher,0.13,0.18,1,0.30,South,Texas
0.28,0.15,0.23,Brewster,0.13,0.15,1,0.24,South,Texas
0.31,0.15,0.25,Colorado,0.13,0.17,1,0.28,South,Texas
0.30,0.14,0.34,Kimble,0.13,0.17,1,0.27,South,Texas
0.29,0.16,0.33,Knox,0.13,0.18,1,0.28,South,Texas
0.31,0.16,0.28,Lynn,0.13,0.15,1,0.30,South,Texas
0.30,0.16,0.29,Briscoe,0.13,0.17,1,0.29,South,Texas
0.27,0.13,0.29,Llano,0.14,0.18,1,0.27,South,Texas
0.31,0.14,0.14,McMullen,0.14,0.11,1,0.29,South,Texas
0.29,0.15,0.22,Stonewall,0.14,0.17,1,0.30,South,Texas
0.28,0.15,0.24,Atascosa,0.14,0.11,1,0.27,South,Texas
0.31,0.16,0.32,Comanche,0.14,0.18,1,0.29,South,Texas
0.31,0.16,0.30,McCulloch,0.14,0.15,1,0.29,South,Texas
0.30,0.16,0.36,Coleman,0.14,0.21,1,0.30,South,Texas
0.30,0.18,0.31,Falls,0.14,0.22,1,0.32,South,Texas
0.31,0.17,0.31,Red River,0.14,0.23,1,0.31,South,Texas
0.33,0.17,0.30,Matagorda,0.14,0.19,1,0.27,South,Texas
0.30,0.13,0.25,Terrell,0.14,0.11,1,0.30,South,Texas
0.30,0.18,0.37,Houston,0.14,0.24,1,0.32,South,Texas
0.31,0.18,0.32,Frio,0.14,0.12,1,0.25,South,Texas
0.31,0.17,0.31,Trinity,0.14,0.20,1,0.30,South,Texas
0.28,0.15,0.32,Aransas,0.14,0.18,1,0.28,South,Texas
0.28,0.16,0.27,Runnels,0.14,0.17,1,0.28,South,Texas
0.33,0.17,0.29,Gonzales,0.14,0.15,1,0.31,South,Texas
0.30,0.18,0.36,La Salle,0.14,0.09,1,0.26,South,Texas
0.29,0.16,0.30,Sabine,0.14,0.25,1,0.30,South,Texas
0.33,0.17,0.36,Marion,0.14,0.24,1,0.33,South,Texas
0.30,0.17,0.30,Cochran,0.14,0.13,1,0.29,South,Texas
0.32,0.19,0.29,Hardeman,0.14,0.20,1,0.28,South,Texas
0.30,0.15,0.32,Cottle,0.14,0.19,1,0.29,South,Texas
0.28,0.16,0.31,Motley,0.14,0.20,1,0.31,South,Texas
0.30,0.17,0.29,Castro,0.14,0.14,1,0.27,South,Texas
0.31,0.14,0.26,Refugio,0.15,0.13,1,0.28,South,Texas
0.29,0.16,0.31,Val Verde,0.15,0.11,1,0.28,South,Texas
0.29,0.17,0.32,Lamb,0.15,0.15,1,0.27,South,Texas
0.29,0.16,0.37,Crosby,0.15,0.16,1,0.27,South,Texas
0.30,0.15,0.34,Real,0.15,0.18,1,0.29,South,Texas
0.30,0.18,0.30,Bailey,0.15,0.13,1,0.28,South,Texas
0.27,0.13,0.29,Jeff Davis,0.15,0.12,1,0.26,South,Texas
0.31,0.17,0.34,Uvalde,0.15,0.13,1,0.29,South,Texas
0.29,0.15,0.29,Jim Wells,0.15,0.10,1,0.28,South,Texas
0.27,0.16,0.32,El Paso,0.15,0.13,1,0.24,South,Texas
0.29,0.16,0.37,Floyd,0.15,0.16,1,0.28,South,Texas
0.32,0.18,0.42,Webb,0.15,0.11,1,0.27,South,Texas
0.31,0.17,0.39,Hall,0.15,0.19,1,0.31,South,Texas
0.29,0.13,0.40,Menard,0.15,0.17,1,0.31,South,Texas
0.37,0.15,0.46,Hidalgo,0.16,0.14,1,0.25,South,Texas
0.29,0.13,0.37,Edwards,0.16,0.12,1,0.28,South,Texas
0.33,0.18,0.38,San Augustine,0.16,0.25,1,0.30,South,Texas
0.31,0.15,0.35,Dimmit,0.16,0.10,1,0.27,South,Texas
0.30,0.16,0.30,Kenedy,0.16,0.15,1,0.28,South,Texas
0.30,0.18,0.45,Zapata,0.16,0.10,1,0.28,South,Texas
0.29,0.16,0.25,Kinney,0.17,0.14,1,0.29,South,Texas
0.29,0.20,0.46,Willacy,0.17,0.16,1,0.27,South,Texas
0.32,0.18,0.47,Cameron,0.17,0.14,1,0.22,South,Texas
0.31,0.23,0.19,Loving,0.17,0.18,1,0.25,South,Texas
0.31,0.18,0.37,Culberson,0.18,0.11,1,0.29,South,Texas
0.30,0.18,0.36,Maverick,0.18,0.13,1,0.28,South,Texas
0.30,0.16,0.33,Jim Hogg,0.18,0.06,1,0.28,South,Texas
0.30,0.16,0.34,Duval,0.18,0.09,1,0.29,South,Texas
0.30,0.20,0.44,Starr,0.18,0.15,1,0.24,South,Texas
0.30,0.19,0.41,Zavala,0.18,0.16,1,0.28,South,Texas
0.28,0.16,0.34,Presidio,0.19,0.14,1,0.30,South,Texas
0.29,0.21,0.39,Hudspeth,0.20,0.13,1,0.26,South,Texas
0.29,0.19,0.46,Brooks,0.21,0.13,1,0.29,South,Texas
0.33,0.00,0.00,Bedford City,0.00,0.17,1,0.25,South,Virginia
0.17,0.13,0.11,Arlington,0.06,0.09,1,0.14,South,Virginia
0.27,0.20,0.17,Lexington City,0.07,0.18,1,0.23,South,Virginia
0.29,0.27,0.21,Radford City,0.07,0.20,1,0.21,South,Virginia
0.24,0.21,0.16,Montgomery,0.07,0.15,1,0.19,South,Virginia
0.22,0.13,0.04,Loudoun,0.07,0.05,1,0.20,South,Virginia
0.27,0.24,0.24,Harrisonburg City,0.07,0.17,1,0.19,South,Virginia
0.27,0.18,0.24,Williamsburg City,0.07,0.17,1,0.24,South,Virginia
0.20,0.12,0.09,Fairfax,0.08,0.06,1,0.15,South,Virginia
0.33,0.16,0.08,Stafford,0.08,0.08,1,0.22,South,Virginia
0.21,0.14,0.16,Alexandria City,0.08,0.11,1,0.16,South,Virginia
0.26,0.15,0.03,Falls Church City,0.08,0.07,1,0.22,South,Virginia
0.26,0.22,0.24,Charlottesville City,0.08,0.18,1,0.19,South,Virginia
0.25,0.15,0.10,Prince William,0.08,0.07,1,0.18,South,Virginia
0.30,0.20,0.23,Fredericksburg City,0.08,0.16,1,0.23,South,Virginia
0.23,0.15,0.10,Albemarle,0.08,0.10,1,0.20,South,Virginia
0.29,0.16,0.11,King George,0.08,0.10,1,0.25,South,Virginia
0.27,0.17,0.12,Virginia Beach City,0.08,0.11,1,0.20,South,Virginia
0.33,0.15,0.12,Frederick,0.08,0.08,1,0.24,South,Virginia
0.27,0.15,0.08,Hanover,0.09,0.08,1,0.22,South,Virginia
0.27,0.15,0.07,York,0.09,0.09,1,0.22,South,Virginia
0.28,0.17,0.16,Manassas Park,0.09,0.07,1,0.22,South,Virginia
0.30,0.17,0.15,Manassas Park,0.09,0.06,1,0.24,South,Virginia
0.23,0.13,0.08,Fairfax City,0.09,0.06,1,0.19,South,Virginia
0.31,0.15,0.09,Powhatan,0.09,0.08,1,0.25,South,Virginia
0.27,0.15,0.07,Poquoson City,0.09,0.07,1,0.23,South,Virginia
0.26,0.16,0.09,Fauquier,0.09,0.07,1,0.24,South,Virginia
0.24,0.17,0.14,Salem City,0.09,0.12,1,0.23,South,Virginia
0.34,0.18,0.13,Spotsylvania,0.09,0.09,1,0.25,South,Virginia
0.27,0.18,0.11,Roanoke,0.09,0.09,1,0.25,South,Virginia
0.28,0.18,0.16,Warren,0.09,0.10,1,0.20,South,Virginia
0.28,0.16,0.16,Rockingham,0.09,0.09,1,0.24,South,Virginia
0.32,0.16,0.10,New Kent,0.09,0.08,1,0.23,South,Virginia
0.27,0.17,0.11,Chesterfield,0.09,0.10,1,0.20,South,Virginia
0.27,0.17,0.14,Greene,0.09,0.09,1,0.25,South,Virginia
0.26,0.15,0.11,Botetourt,0.09,0.08,1,0.24,South,Virginia
0.33,0.16,0.15,Gloucester,0.09,0.09,1,0.24,South,Virginia
0.31,0.16,0.14,Chesapeake City,0.09,0.12,1,0.22,South,Virginia
0.28,0.16,0.11,Clarke,0.09,0.08,1,0.23,South,Virginia
0.30,0.18,0.15,Culpeper,0.09,0.10,1,0.25,South,Virginia
0.35,0.19,0.13,Prince George,0.09,0.12,1,0.26,South,Virginia
0.31,0.21,0.32,Norfolk City,0.09,0.19,1,0.25,South,Virginia
0.30,0.16,0.11,Fluvanna,0.10,0.08,1,0.23,South,Virginia
0.29,0.17,0.17,Bland,0.10,0.11,1,0.28,South,Virginia
0.30,0.17,0.13,King William,0.10,0.10,1,0.29,South,Virginia
0.28,0.16,0.17,Henrico,0.10,0.13,1,0.22,South,Virginia
0.26,0.16,0.19,Colonial Heights City,0.10,0.12,1,0.26,South,Virginia
0.30,0.17,0.14,Augusta,0.10,0.09,1,0.24,South,Virginia
0.31,0.18,0.18,Giles,0.10,0.11,1,0.30,South,Virginia
0.30,0.20,0.32,Lynchburg City,0.10,0.18,1,0.22,South,Virginia
0.26,0.17,0.18,Shenandoah,0.10,0.10,1,0.21,South,Virginia
0.27,0.20,0.22,Winchester City,0.10,0.13,1,0.24,South,Virginia
0.34,0.21,0.26,Newport News City,0.10,0.16,1,0.27,South,Virginia
0.31,0.16,0.14,Bedford,0.10,0.09,1,0.23,South,Virginia
0.29,0.17,0.21,Craig,0.10,0.10,1,0.24,South,Virginia
0.31,0.17,0.21,Washington,0.10,0.11,1,0.28,South,Virginia
0.33,0.21,0.29,Wise,0.10,0.15,1,0.37,South,Virginia
0.25,0.15,0.12,James City,0.10,0.09,1,0.24,South,Virginia
0.25,0.15,0.10,Goochland,0.10,0.08,1,0.25,South,Virginia
0.28,0.17,0.16,Orange,0.10,0.11,1,0.28,South,Virginia
0.27,0.19,0.20,Floyd,0.10,0.11,1,0.23,South,Virginia
0.28,0.22,0.33,Norton City,0.10,0.16,1,0.24,South,Virginia
0.30,0.20,0.25,Waynesboro City,0.11,0.15,1,0.23,South,Virginia
0.31,0.22,0.25,Russell,0.11,0.14,1,0.29,South,Virginia
0.28,0.22,0.25,Buena Vista City,0.11,0.14,1,0.24,South,Virginia
0.27,0.17,0.24,Franklin,0.11,0.11,1,0.23,South,Virginia
0.28,0.19,0.26,Staunton City,0.11,0.15,1,0.26,South,Virginia
0.30,0.19,0.24,Page,0.11,0.14,1,0.25,South,Virginia
0.33,0.19,0.19,Campbell,0.11,0.12,1,0.29,South,Virginia
0.30,0.20,0.22,Wythe,0.11,0.12,1,0.27,South,Virginia
0.29,0.19,0.25,Tazewell,0.11,0.13,1,0.31,South,Virginia
0.27,0.21,0.27,Smyth,0.11,0.14,1,0.27,South,Virginia
0.26,0.16,0.17,Rappahannock,0.11,0.09,1,0.25,South,Virginia
0.30,0.18,0.21,Amherst,0.11,0.12,1,0.30,South,Virginia
0.32,0.20,0.22,Pulaski,0.11,0.12,1,0.26,South,Virginia
0.30,0.20,0.27,Dickenson,0.11,0.14,1,0.28,South,Virginia
0.29,0.17,0.14,Isle of Wight,0.11,0.11,1,0.26,South,Virginia
0.35,0.17,0.17,Louisa,0.11,0.11,1,0.28,South,Virginia
0.24,0.17,0.19,Rockbridge,0.11,0.11,1,0.28,South,Virginia
0.30,0.21,0.30,Prince Edward,0.11,0.18,1,0.25,South,Virginia
0.30,0.19,0.20,Suffolk City,0.11,0.14,1,0.25,South,Virginia
0.33,0.20,0.26,Scott,0.11,0.13,1,0.31,South,Virginia
0.30,0.24,0.39,Richmond City,0.11,0.21,1,0.22,South,Virginia
0.31,0.17,0.22,Alleghany,0.11,0.12,1,0.27,South,Virginia
0.31,0.18,0.18,Madison,0.11,0.10,1,0.26,South,Virginia
0.30,0.19,0.17,Caroline,0.11,0.13,1,0.22,South,Virginia
0.29,0.21,0.35,Bristol City,0.11,0.16,1,0.25,South,Virginia
0.29,0.19,0.27,Covington City,0.11,0.15,1,0.26,South,Virginia
0.31,0.18,0.16,Bath,0.11,0.11,1,0.29,South,Virginia
0.28,0.24,0.32,Lee,0.11,0.16,1,0.29,South,Virginia
0.27,0.15,0.18,Mathews,0.12,0.10,1,0.23,South,Virginia
0.33,0.19,0.18,Dinwiddie,0.12,0.14,1,0.29,South,Virginia
0.30,0.22,0.31,Buchanan,0.12,0.15,1,0.30,South,Virginia
0.30,0.20,0.22,Appomattox,0.12,0.13,1,0.26,South,Virginia
0.34,0.21,0.33,Roanoke City,0.12,0.17,1,0.26,South,Virginia
0.31,0.19,0.19,Amelia,0.12,0.11,1,0.27,South,Virginia
0.31,0.20,0.25,Carroll,0.12,0.13,1,0.26,South,Virginia
0.30,0.19,0.24,Richmond,0.12,0.14,1,0.25,South,Virginia
0.32,0.20,0.22,Hampton City,0.12,0.17,1,0.25,South,Virginia
0.34,0.20,0.31,Hopewell City,0.12,0.19,1,0.27,South,Virginia
0.28,0.18,0.22,Nelson,0.12,0.12,1,0.21,South,Virginia
0.29,0.21,0.35,Galax City,0.12,0.14,1,0.26,South,Virginia
0.27,0.17,0.22,Highland,0.12,0.09,1,0.25,South,Virginia
0.31,0.20,0.32,Patrick,0.12,0.13,1,0.27,South,Virginia
0.33,0.21,0.29,Grayson,0.12,0.14,1,0.34,South,Virginia
0.26,0.16,0.26,Middlesex,0.13,0.11,1,0.23,South,Virginia
0.31,0.18,0.23,King and Queen,0.13,0.12,1,0.28,South,Virginia
0.33,0.19,0.20,Pittsylvania,0.13,0.13,1,0.30,South,Virginia
0.37,0.20,0.28,Portsmouth City,0.13,0.19,1,0.28,South,Virginia
0.33,0.21,0.27,Buckingham,0.13,0.16,1,0.33,South,Virginia
0.33,0.19,0.22,Southampton,0.13,0.15,1,0.33,South,Virginia
0.30,0.19,0.25,Essex,0.13,0.14,1,0.30,South,Virginia
0.32,0.20,0.30,Charlotte,0.13,0.16,1,0.28,South,Virginia
0.32,0.20,0.31,Henry,0.14,0.15,1,0.36,South,Virginia
0.31,0.20,0.29,Cumberland,0.14,0.15,1,0.24,South,Virginia
0.27,0.20,0.29,Lunenburg,0.14,0.17,1,0.28,South,Virginia
0.36,0.22,0.31,Nottoway,0.14,0.16,1,0.31,South,Virginia
0.33,0.19,0.20,Surry,0.14,0.15,1,0.29,South,Virginia
0.39,0.23,0.31,Sussex,0.14,0.18,1,0.27,South,Virginia
0.31,0.15,0.26,Lancaster,0.14,0.13,1,0.26,South,Virginia
0.30,0.20,0.28,Westmoreland,0.14,0.13,1,0.30,South,Virginia
0.37,0.20,0.31,Accomack,0.14,0.15,1,0.30,South,Virginia
0.35,0.24,0.27,Greensville,0.14,0.19,1,0.29,South,Virginia
0.26,0.16,0.30,Northumberland,0.15,0.13,1,0.25,South,Virginia
0.32,0.19,0.31,Mecklenburg,0.15,0.17,1,0.27,South,Virginia
0.35,0.21,0.32,Brunswick,0.15,0.20,1,0.29,South,Virginia
0.36,0.21,0.25,Halifax,0.15,0.18,1,0.30,South,Virginia
0.35,0.20,0.33,Northampton,0.15,0.17,1,0.31,South,Virginia
0.33,0.22,0.35,Martinsville City,0.15,0.23,1,0.28,South,Virginia
0.35,0.22,0.37,Danville City,0.15,0.22,1,0.30,South,Virginia
0.36,0.19,0.19,Charles City,0.15,0.14,1,0.30,South,Virginia
0.34,0.23,0.35,Franklin City,0.16,0.23,1,0.28,South,Virginia
0.38,0.23,0.38,Petersburg City,0.16,0.25,1,0.28,South,Virginia
0.32,0.24,0.42,Emporia City,0.17,0.25,1,0.30,South,Virginia
0.27,0.22,0.17,Monongalia,0.09,0.16,1,0.26,South,West Virginia
0.33,0.19,0.13,Putnam,0.11,0.11,1,0.29,South,West Virginia
0.36,0.26,0.19,Berkeley,0.11,0.13,1,0.28,South,West Virginia
0.33,0.22,0.13,Jefferson,0.11,0.11,1,0.28,South,West Virginia
0.34,0.23,0.23,Marion,0.11,0.14,1,0.30,South,West Virginia
0.36,0.24,0.23,Preston,0.12,0.12,1,0.35,South,West Virginia
0.38,0.23,0.22,Pleasants,0.12,0.13,1,0.32,South,West Virginia
0.33,0.25,0.27,Cabell,0.12,0.16,1,0.32,South,West Virginia
0.35,0.24,0.25,Doddridge,0.12,0.13,1,0.35,South,West Virginia
0.29,0.24,0.26,Ohio,0.12,0.14,1,0.22,South,West Virginia
0.36,0.26,0.27,Upshur,0.12,0.14,1,0.29,South,West Virginia
0.36,0.24,0.23,Taylor,0.12,0.14,1,0.36,South,West Virginia
0.39,0.28,0.28,Gilmer,0.12,0.16,1,0.30,South,West Virginia
0.33,0.23,0.19,Harrison,0.12,0.14,1,0.32,South,West Virginia
0.31,0.23,0.25,Jackson,0.12,0.15,1,0.31,South,West Virginia
0.33,0.22,0.21,Marshall,0.12,0.14,1,0.28,South,West Virginia
0.38,0.23,0.30,Wirt,0.12,0.15,1,0.34,South,West Virginia
0.36,0.24,0.28,Randolph,0.12,0.14,1,0.30,South,West Virginia
0.35,0.22,0.23,Brooke,0.13,0.14,1,0.33,South,West Virginia
0.34,0.24,0.27,Wood,0.13,0.14,1,0.32,South,West Virginia
0.35,0.25,0.28,Boone,0.13,0.15,1,0.35,South,West Virginia
0.34,0.23,0.24,Tyler,0.13,0.15,1,0.37,South,West Virginia
0.36,0.25,0.27,Nicholas,0.13,0.15,1,0.39,South,West Virginia
0.36,0.25,0.28,Mason,0.13,0.16,1,0.38,South,West Virginia
0.35,0.25,0.28,Barbour,0.13,0.14,1,0.36,South,West Virginia
0.36,0.22,0.25,Tucker,0.13,0.15,1,0.37,South,West Virginia
0.35,0.22,0.25,Raleigh,0.13,0.15,1,0.34,South,West Virginia
0.38,0.23,0.21,Hancock,0.13,0.15,1,0.34,South,West Virginia
0.41,0.27,0.37,Mingo,0.13,0.18,1,0.41,South,West Virginia
0.34,0.22,0.21,Morgan,0.13,0.15,1,0.31,South,West Virginia
0.37,0.22,0.26,Grant,0.13,0.15,1,0.38,South,West Virginia
0.32,0.23,0.26,Kanawha,0.13,0.14,1,0.30,South,West Virginia
0.35,0.24,0.22,Mineral,0.13,0.16,1,0.26,South,West Virginia
0.36,0.27,0.28,Lewis,0.13,0.15,1,0.32,South,West Virginia
0.33,0.23,0.27,Wetzel,0.13,0.16,1,0.35,South,West Virginia
0.38,0.26,0.31,Wyoming,0.13,0.16,1,0.38,South,West Virginia
0.41,0.27,0.32,Lincoln,0.13,0.17,1,0.40,South,West Virginia
0.32,0.22,0.29,Monroe,0.13,0.12,1,0.34,South,West Virginia
0.34,0.24,0.29,Greenbrier,0.13,0.15,1,0.34,South,West Virginia
0.38,0.25,0.28,Wayne,0.13,0.15,1,0.37,South,West Virginia
0.34,0.25,0.30,Hampshire,0.13,0.17,1,0.31,South,West Virginia
0.34,0.23,0.26,Ritchie,0.13,0.14,1,0.34,South,West Virginia
0.36,0.24,0.25,Hardy,0.14,0.14,1,0.37,South,West Virginia
0.31,0.25,0.31,Braxton,0.14,0.16,1,0.34,South,West Virginia
0.41,0.28,0.28,Logan,0.14,0.16,1,0.37,South,West Virginia
0.34,0.24,0.31,Mercer,0.14,0.16,1,0.34,South,West Virginia
0.35,0.25,0.31,Fayette,0.14,0.16,1,0.36,South,West Virginia
0.38,0.23,0.34,Summers,0.14,0.15,1,0.36,South,West Virginia
0.32,0.23,0.28,Pocahontas,0.14,0.15,1,0.28,South,West Virginia
0.37,0.26,0.30,Roane,0.14,0.17,1,0.35,South,West Virginia
0.36,0.26,0.36,Clay,0.14,0.18,1,0.40,South,West Virginia
0.35,0.22,0.26,Pendleton,0.14,0.14,1,0.30,South,West Virginia
0.35,0.26,0.30,Calhoun,0.14,0.17,1,0.35,South,West Virginia
0.36,0.27,0.40,Webster,0.15,0.18,1,0.36,South,West Virginia
0.40,0.31,0.46,McDowell,0.16,0.20,1,0.38,South,West Virginia